name,imageUrl,area,profileUrl,office,tags,isLoggedUser,positionName,id,parentId,size
Rocky Mountain Care Organization Chart,,,,,,,,0,0,
Brittany Sawyer,,,,,,,,201556,0,
Aric Green,,,,,,,,201558,201556,
Casey Whiteley,,,,,,,,201624,201556,
Curtis Snowball,,,,,,,,202719,201556,
Edward L. Bangerter,,,,,,,,201660,201556,
Jason Gatherum,,,,,,,,201677,201556,
Joann Hollenbeck,,,,,,,,201575,201556,
Kazen Allen,,,,,,,,203009,201556,
Kelly Snowball,,,,,,,,201648,201556,
Lamar Bangerter,,,,,,,,201535,201556,
Martha Day,,,,,,,,203187,201556,
Mary Bangerter,,,,,,,,201666,201556,
Megan Darby,,,,,,,,201595,201556,
Nora Wendel,,,,,,,,201336,201556,
Susan Morales,,,,,,,,203321,201556,
Aaron Nieves,,,,,,,,259949,201336,
Adam Towns,,,,,,,,201550,201624,
Alan Roberts,,,,,,,,201548,201595,
Aleese Walker,,,,,,,,201367,201336,
Alexis Dunsmore,,,,,,,,201477,201336,
Ali Braithwaite,,,,,,,,203490,201336,
Amanda Hatch,,,,,,,,203749,201336,
Amberlyn Gill,,,,,,,,201376,201336,
Andrea Beck,,,,,,,,202564,201336,
Angie Hooper,,,,,,,,202015,201595,
Anthony Tervort,,,,,,,,201651,201677,
Ashley Kirkman,,,,,,,,203322,201595,
Bradley D. Benard,,,,,,,,201074,203053,
Bradley Dinkel,,,,,,,,203515,201595,
Cameron Jones,,,,,,,,201405,201677,
Camille Mortensen,,,,,,,,203336,201336,
Caroline Wolfley,,,,,,,,201378,201336,
Catherine Peterson,,,,,,,,203719,201336,
Chris Roth,,,,,,,,201355,201336,
Christine Sheridan,,,,,,,,201364,201336,
Colette Mortensen,,,,,,,,203770,201336,
Courtney Neves,,,,,,,,201638,201558,
Courtney Tonks,,,,,,,,201092,201336,
Cyndalynn Tilley,,,,,,,,201366,201336,
Dana Smith,,,,,,,,204285,201336,
Debera Mcdonald,,,,,,,,298712,201336,
Deborah Heelis,,,,,,,,201327,201336,
Denise Miyasaki,,,,,,,,298748,201336,
Diane Allen,,,,,,,,201342,201336,
Drew Norwood,,,,,,,,201329,201336,
Elisa Gatherum,,,,,,,,201351,201336,
Emylee Broschinsky,,,,,,,,203722,201336,
Greg Baker,,,,,,,,201374,201336,
Harmonie Wolfgramm,,,,,,,,201377,201336,
Heidi Watts,,,,,,,,201369,201336,
HOLLY REYNOLDS,,,,,,,,202485,201336,
Jaden Jeppson,,,,,,,,204025,201336,
Jamie Jex,,,,,,,,203694,201046,
Janae Rindlisbacher,,,,,,,,201382,201336,
Jane Hulka,,,,,,,,298736,201336,
Janelle George,,,,,,,,201581,201535,
Janet Mckeen,,,,,,,,296547,201336,
Janis Gunnell,,,,,,,,203506,201336,
Jeffery Boone,,,,,,,,203049,201677,
Jennifer Ngo,,,,,,,,203397,201660,
Jennifer Whittaker,,,,,,,,203368,201336,
Jeremy Hardman,,,,,,,,201353,201336,
Jessica Lake,,,,,,,,201363,201336,
Jocelyn Walker,,,,,,,,201406,201336,
Johnathan D. Bangerter,,,,,,,,201665,201648,
Julie Christensen,,,,,,,,203946,201336,
Julie Forbush,,,,,,,,201350,201336,
Julie Tew,,,,,,,,290133,201276,
Kadi Larson,,,,,,,,201672,201677,
Kari Pounder,,,,,,,,203769,201336,
Katherine Mahoney,,,,,,,,203018,201336,
Kathy Dean,,,,,,,,293455,203053,
Katie Axenty,,,,,,,,204196,201336,
Keith Vanmeeteren,,,,,,,,201640,201535,
Kishell Gold,,,,,,,,201352,201336,
Kristi Demler,,,,,,,,201557,201595,
Kristin Stewart,,,,,,,,201372,201336,
Kristy Rehfeldt,,,,,,,,200774,201648,
Kurt Walker,,,,,,,,201050,201336,
Lauri Winkler,,,,,,,,201600,201558,
Leann Woodbury,,,,,,,,201370,201336,
Linda Overduyn,,,,,,,,204006,201336,
Lisabeth Nelson,,,,,,,,201360,201336,
Lynne Butler,,,,,,,,201344,201336,
Marianne Stewart,,,,,,,,201365,201336,
Megan Evans,,,,,,,,203318,201336,
Melinda Rose,,,,,,,,201362,201336,
Michelle L. Walker,,,,,,,,201368,201336,
Nathan Bangerter,,,,,,,,201534,201535,
Pete Zeigler,,,,,,,,201242,201648,
Robert Jex,,,,,,,,201357,201336,
Ryan Bangerter,,,,,,,,201589,201535,
Samuel Howe,,,,,,,,203929,201624,
Sarah King,,,,,,,,204068,201336,
Sarah P. Nelson,,,,,,,,201384,201336,
Shane Salmon,,,,,,,,201586,201648,
Stacey Myers,,,,,,,,201044,201405,
Steven Ralph Findlay,,,,,,,,202004,201535,
Susan Phelps,,,,,,,,203008,201595,
Tanner Hayden,,,,,,,,202713,201336,
Todd Woodbury,,,,,,,,201649,201648,2023
Tracy Rosenhan,,,,,,,,201987,204207,
Trisha Thompson,,,,,,,,203291,201336,
Valan Averett,,,,,,,,201373,201336,
Vickie C. Burt,,,,,,,,201381,201336,
William J. Lane,,,,,,,,201799,201648,
Yuu T. Bates,,,,,,,,201052,201336,
Abigail Fischer,,,,,,,,201361,201336,
Adelyn Gillett,,,,,,,,204226,200774,
Adrienne Adams,,,,,,,,204071,200774,
Albania Phillips,,,,,,,,204256,201799,
Alice Zander,,,,,,,,203029,200774,
Alisha Webb,,,,,,,,203334,201046,
Allison Allred,,,,,,,,203874,201046,
Amada Castro,,,,,,,,201657,203397,
Amber Rogers,,,,,,,,202606,201649,
Anastasia Hyde,,,,,,,,201632,201586,
Anna Curtis,,,,,,,,204244,201046,
Anthony Gillette,,,,,,,,203234,201053,
Anycia Vigil,,,,,,,,203021,201651,
April Skeem,,,,,,,,291823,201046,
Arielle Hall,,,,,,,,203094,201053,
Ashley D. Fornengo,,,,,,,,203675,200774,
Ashton Carlson,,,,,,,,201069,203008,
Avery Hancock,,,,,,,,204490,200774,
Barbara Crapo,,,,,,,,203487,200774,
BERT PAGE,,,,,,,,290234,201046,
Brandon Balser,,,,,,,,202506,201651,
Bree Hess,,,,,,,,200866,201665,
Brian Webster,,,,,,,,201599,201600,
Britney Uribe,,,,,,,,201394,201046,
Brock Coffey,,,,,,,,203569,200774,
Brooklyn Glazier,,,,,,,,203698,201586,
Candace Bradley,,,,,,,,204338,200774,
Carli D. Hill,,,,,,,,201391,201405,
Carmen Villalba Araujo,,,,,,,,201684,201651,
Carol Koehn,,,,,,,,201104,201096,
Carolyn Moultrie,,,,,,,,204300,201046,
Carrie Kirby,,,,,,,,201541,201550,
Chae Liljenquist,,,,,,,,204110,201046,
Charlotte Graf,,,,,,,,200613,201665,
Chelsea Mcgavin,,,,,,,,203852,200774,
Christie Bigham,,,,,,,,201729,201672,
Christopher Rupe,,,,,,,,201410,201046,
Chuck Bronstein,,,,,,,,201554,201534,
Cindy Bencosme Maria,,,,,,,,203900,201046,
Cindy Bishop,,,,,,,,204084,200774,
Cindy Cloninger,,,,,,,,201100,201053,
Claudia Tachiquin,,,,,,,,203860,201586,
Courtney Bushnell,,,,,,,,201112,201053,
Craig Bailey,,,,,,,,201101,201053,
Dahiana Puello Mora,,,,,,,,202749,201672,
Daisy Gangoso,,,,,,,,201756,201799,
Daniel Earl,,,,,,,,204339,200774,
Daniel VanHuizen,,,,,,,,203498,200774,
Dasly Ramirez Puello,,,,,,,,201290,201046,
David Pettijohn,,,,,,,,203981,200774,
Dawnelle Anderson,,,,,,,,204340,200774,
Deja Woods,,,,,,,,202248,201665,
Desiree Fitzgerald,,,,,,,,202979,201799,
Deven Pettit,,,,,,,,201358,201336,
Diana Ramirez Puello,,,,,,,,203068,200774,
Diyandra Villegas,,,,,,,,201371,201336,
Dominga Lucero-Priest,,,,,,,,202789,201053,
Eathyn Manumaleuna,,,,,,,,203494,201672,
Edward Salem,,,,,,,,203553,200774,
Eileen Howard,,,,,,,,204020,201649,
Elisa Cooke,,,,,,,,201380,201046,
Emma Ellis,,,,,,,,203468,201665,
Erin Kirby,,,,,,,,204284,201799,
Erin Parker,,,,,,,,202603,201799,
Evalynn Aguirre,,,,,,,,204031,200774,
Evie Nefertiti Marguerite Ritchie,,,,,,,,203000,201046,
Fern Cleary,,,,,,,,202974,201799,
Gina Navarro,,,,,,,,201627,201651,
Gina Stack,,,,,,,,203342,201649,
Hailey Christensen,,,,,,,,203182,200774,
Haley Ham,,,,,,,,200997,201242,
Hallie Van Meeteren,,,,,,,,204232,201649,
Hayley Monson,,,,,,,,201670,201589,
Heidi Jacobsen,,,,,,,,203180,201046,
Holly Morton,,,,,,,,201988,201557,
Hunter Kapinos,,,,,,,,202115,201640,
Isaiah Lemalu,,,,,,,,203565,200774,
Jaden Green,,,,,,,,202550,201111,
James William Drury,,,,,,,,201900,200774,
JAMIE MCINTOSH,,,,,,,,204162,203929,
Jana Petrossi,,,,,,,,204083,200774,
Janette Davies,,,,,,,,204415,200774,
Janice Haskell,,,,,,,,201348,201799,
Janie Ardis,,,,,,,,203691,201046,
Jasinda Burnell,,,,,,,,202975,201799,
Jason Beals,,,,,,,,203803,200774,
Jason Medlock,,,,,,,,201175,201242,
Jeffrey Myers,,,,,,,,201592,201557,
Jennifer Hieb,,,,,,,,204039,204031,
Jennifer Jones,,,,,,,,202894,200774,
Jennifer Rentmeister,,,,,,,,201546,201550,
Jessica Nield,,,,,,,,203039,201046,
Jessica Salazar,,,,,,,,204323,200774,
Jessica Sorenson,,,,,,,,201679,200774,
Jill Hitch,,,,,,,,202239,201046,
Jill Salem,,,,,,,,201678,201672,
Jimmy Rodriguez,,,,,,,,201878,201651,
Jodi Putnam,,,,,,,,209833,201046,
Jodie Hix,,,,,,,,201450,201046,
John Byrne,,,,,,,,201310,201053,
John Farnsworth,,,,,,,,200959,201649,
John Holman,,,,,,,,203330,201046,
John Pope,,,,,,,,203813,203515,
Jon K. Owens,,,,,,,,201837,201799,
Jonathan Plaskett,,,,,,,,201835,201799,
Jordan Washburn,,,,,,,,201941,203929,
Joseph Calandra,,,,,,,,201791,201799,
Joseph Franz,,,,,,,,204389,203929,
Justin Embry,,,,,,,,201661,203397,
Justin Perucca,,,,,,,,203830,201053,
Kadee Troop,,,,,,,,201844,201799,
Kaitlin Millward,,,,,,,,204257,201799,
Kaitlyn Bresee,,,,,,,,203359,201665,
Kara McElreath,,,,,,,,201578,201586,
Karalee Stokes,,,,,,,,202138,200774,
Katharine Woolley,,,,,,,,201300,201046,
Katherine Behling,,,,,,,,203720,201206,
Kelly Hooley,,,,,,,,202743,201799,
Kelsea Mcvey,,,,,,,,294399,201046,
Kevin Helquist,,,,,,,,297653,201799,
Kevin Stumpp,,,,,,,,201395,201405,
Kirstin Dennis,,,,,,,,204417,200774,
Kirstin Lewis,,,,,,,,201641,201651,
Kristi Ellis,,,,,,,,200615,201665,
Kristin Green,,,,,,,,291135,201405,
Kristin Housley,,,,,,,,294168,201046,
Kyla Fullmer,,,,,,,,201836,201799,
Kylee Kapetanov,,,,,,,,204275,201649,
Larene Hobbs,,,,,,,,201786,201799,
Laura Keele,,,,,,,,203784,200774,
Laurie Lovato,,,,,,,,203177,201799,
Laurie Olson,,,,,,,,204510,201046,
Lee Thibodeaux,,,,,,,,201427,201046,
Lenae Peavey,,,,,,,,201396,201046,
Lili Joyner,,,,,,,,203020,200774,
Lisa Christensen,,,,,,,,201068,203053,
Lisa Harris,,,,,,,,200782,200774,
Logan Pedersen,,,,,,,,204466,200774,
Louise M. Buttke,,,,,,,,201244,201053,
Lynda Yoshida,,,,,,,,204274,200774,
Mark Dale,,,,,,,,204047,201046,
Marshall Hall,,,,,,,,201476,201405,
Marva Ericson,,,,,,,,203542,203929,
Matthew Andreason,,,,,,,,201398,201046,
Matthew Clark,,,,,,,,204457,201649,
Matthew D. Garner,,,,,,,,201644,203008,
Meagan Porter,,,,,,,,201861,201799,
Megan Davis,,,,,,,,204320,200774,
Melissa Wascomb,,,,,,,,204254,201799,
Meraluna Renegado,,,,,,,,204243,201550,
Michael Carter,,,,,,,,200000,201550,
Michele D. Kenyon,,,,,,,,201464,201405,
Mikkie Francks,,,,,,,,204115,201600,
Millicent Beach,,,,,,,,204467,201046,
Mitchel Squires,,,,,,,,203555,200774,
Mojdeh Rachel Salehi,,,,,,,,201545,203929,
Nancy Bunot,,,,,,,,201669,203008,
Naomi Osuna,,,,,,,,201697,203008,
Natalie Giles,,,,,,,,202840,201053,
Nathan Ziegler,,,,,,,,200249,201665,
Nicole Garcia-Ravely,,,,,,,,204207,201242,
Nicolet Belliston,,,,,,,,200309,201665,
Nikolina Berjan,,,,,,,,203913,201046,
Orion Wilson,,,,,,,,203370,200774,
Parker Ames,,,,,,,,203858,201651,
Paul Francom,,,,,,,,201583,201651,
Paul Ogilvie,,,,,,,,202208,201046,
Pedro A. Zepeda,,,,,,,,201563,201586,
Raelynn Searle,,,,,,,,201127,201799,
Raelynn Wilson,,,,,,,,200164,201557,
Raymond Lopez,,,,,,,,201768,201799,
Rebecca Bird,,,,,,,,200010,200774,
Regan Swearingen,,,,,,,,201539,201550,
Robert York,,,,,,,,201062,203053,
Romeo Castor,,,,,,,,203371,201053,
Ruth V. Mendoza,,,,,,,,203983,200774,
Ryan Levingston,,,,,,,,202865,201046,
Sandi Peterson,,,,,,,,203149,201586,
Sarah Samaniego,,,,,,,,201834,201799,
Savannah Shepherd,,,,,,,,203620,200774,
Shae Peterson,,,,,,,,201601,201651,
Shari Black,,,,,,,,201674,201651,
Shawna Collins,,,,,,,,201038,201672,
Shayla Gerdes,,,,,,,,201383,201336,
Shaylee Anderson,,,,,,,,202781,200774,
Sheena Christensen,,,,,,,,203486,200774,
Skylee Spiers,,,,,,,,202688,201405,
Spring Pearce,,,,,,,,201596,201586,
Stacey E. Mathis,,,,,,,,203692,201276,
Stacy Allen,,,,,,,,203926,201046,
Stephanie Cramer,,,,,,,,202792,200774,
Steve Potts,,,,,,,,201031,201242,
Steven Halik,,,,,,,,201393,201046,
Sydnee Purcell,,,,,,,,202082,201405,
Sydney Norwood,,,,,,,,201505,201242,
Thiennga Nielson,,,,,,,,201041,201405,
Tiffany Winter,,,,,,,,204469,201046,
Todd Koller,,,,,,,,201774,201799,
Torri Sant,,,,,,,,201826,201799,
Tracey Mulder,,,,,,,,204376,203515,
Travis K. Thompson,,,,,,,,203966,203049,
Travis W. Bangerter,,,,,,,,201293,201405,
Trevor Siemon,,,,,,,,201658,201589,
Tyler Curtis,,,,,,,,204233,200774,
Victor Santana,,,,,,,,201817,201799,
Victoria Bassett,,,,,,,,202497,201600,
Virginia Stagner,,,,,,,,203316,201046,
Wendy Serr,,,,,,,,201053,204207,
Yairelinne Bautista,,,,,,,,201663,204207,
Zachary Blackham,,,,,,,,201540,201589,
Abigail McCarthy,,,,,,,,201301,203929,
Adam Willis,,,,,,,,201544,201046,
Aimee Pickens,,,,,,,,202948,201405,
Aleisha Tippetts,,,,,,,,201499,200774,
Alesha Ochoa,,,,,,,,204007,201405,
Alexis Markee Gillette,,,,,,,,204197,201096,
Alfreda John,,,,,,,,204537,201174,
Alicia Miller,,,,,,,,203876,200774,
Alisha K. Geisler,,,,,,,,204312,201665,
Allison Fisher,,,,,,,,201843,201661,
Allison Stone,,,,,,,,204456,201834,
Alyssa Gourley,,,,,,,,204129,200959,
Alyssa Lundgren,,,,,,,,200785,201900,
Alyssa Nelson,,,,,,,,203447,203468,
Amanda Bigelow,,,,,,,,204234,201678,
Amanda Cockriel,,,,,,,,203338,201135,
Amanda Webb-Ellis,,,,,,,,201777,201046,
Amber Howard,,,,,,,,201802,201791,
Amber Knight,,,,,,,,203872,201348,
Amber Pay,,,,,,,,203757,201046,
Amie S. Vargas,,,,,,,,201781,201774,
Amy Page,,,,,,,,201775,201844,
Amy Sturdivant,,,,,,,,203833,201826,
Andrea Gambles,,,,,,,,200562,201826,
Andrea Sagen,,,,,,,,203449,200613,
Andrea Schuch,,,,,,,,201492,201900,
Angela Chase,,,,,,,,204050,201499,
Angela Faddis,,,,,,,,200006,203494,
Angela Youmans,,,,,,,,204306,200010,
Anissa Schvaneveldt,,,,,,,,201598,201786,
Ann L. Clark,,,,,,,,201831,201554,
Ann Marie DuPape,,,,,,,,200777,201348,
Ann Mclaughlin French,,,,,,,,200267,203468,
Anna Challice Carsey,,,,,,,,204249,200249,
Anna Mclelland,,,,,,,,201995,201046,
Anna Sandoval,,,,,,,,201593,201678,
Anne Larett,,,,,,,,201576,201563,
Arvin Loquinario,,,,,,,,201036,201554,
Ashley Brown,,,,,,,,203582,201175,
Ashley Crawford,,,,,,,,201019,201674,
Ashley Horie,,,,,,,,200586,200997,
Ashley Purcell-Clifton,,,,,,,,201272,200613,
Ashley Robinson,,,,,,,,202805,204207,
Ashley Sims,,,,,,,,201769,201175,
Aubrie Brooks,,,,,,,,201762,201826,
Austin Bock,,,,,,,,203238,201826,
AUTUMN HAWKER,,,,,,,,200475,201053,
Aycee Shiner,,,,,,,,201607,201678,
Azlen Ruttenbur,,,,,,,,203996,201563,
Barbara Joyce,,,,,,,,203861,201674,
Barbara Loader,,,,,,,,203092,201046,
Barbara Spencer,,,,,,,,203763,201053,
Beatriz Estrada,,,,,,,,204202,201817,
Blaire Bibbins,,,,,,,,201864,201826,
Bobbi Illguth,,,,,,,,202898,201786,
Bonnie Clegg,,,,,,,,203658,201038,
Boyd Silversmith,,,,,,,,201976,200615,
Braden Perry,,,,,,,,200449,201038,
Brakell Finlinson,,,,,,,,202210,203468,
Brandi Johnson,,,,,,,,204066,203494,
Brenae Bradford,,,,,,,,202509,200866,
Brent Biesinger,,,,,,,,203046,201391,
Brian Bluhm,,,,,,,,203740,201391,
Brian Powell,,,,,,,,204465,201900,
Bridgette Jensen,,,,,,,,201387,201046,
Britney Moe,,,,,,,,204436,201476,
Brittney J. Sebranek,,,,,,,,202884,201348,
Brooke Williams,,,,,,,,200579,201817,
Bryan Brockett,,,,,,,,201742,200613,
Caitlin Conner,,,,,,,,202790,201817,
Caitlin Hepner,,,,,,,,200919,201678,
Callee Stout,,,,,,,,202954,200866,
Camille Porter,,,,,,,,202604,201135,
Cara Briscoe,,,,,,,,201070,201817,
Carlene Jones,,,,,,,,204286,203053,
Carley Florence,,,,,,,,201796,201391,
Carlina Kirk,,,,,,,,201254,201348,
Carol Kleinbeck,,,,,,,,201760,201038,
Caroline Martin,,,,,,,,200247,201834,
Cary Pulley,,,,,,,,201051,200249,
Casey Cleveland,,,,,,,,201397,201096,
Cassandra Duran,,,,,,,,201079,201046,
Cassandra Frazier,,,,,,,,202748,201096,
Cecilia Wallace,,,,,,,,201566,201031,
Chantelle Alvey,,,,,,,,201832,201554,
Charee Russell,,,,,,,,200966,201348,
Charlene Bates,,,,,,,,204421,201817,2023
Charles Jackson,,,,,,,,204439,201817,
Chelsea Wright,,,,,,,,202139,200997,
Chelsey Post,,,,,,,,201647,201817,
Cherish Lloyd,,,,,,,,201700,201038,
Cheryl Pulley,,,,,,,,201190,201038,
Chloe Connelly,,,,,,,,203274,201826,
Chris Carter,,,,,,,,203024,201135,
Christian Clark,,,,,,,,201108,201038,
Christina Friesen,,,,,,,,200991,203359,
Christina Hancock,,,,,,,,204307,201096,
Christina Likes,,,,,,,,202540,200997,
Christina Summers,,,,,,,,204116,201046,
Christine Fuller,,,,,,,,203156,201391,
Christine Monnat-Kraut,,,,,,,,204475,201046,
Christine W. Bulanon,,,,,,,,201056,201678,
Christopher Romney,,,,,,,,204154,200866,
Chuck Daniels,,,,,,,,201060,201135,
Cindy Davis,,,,,,,,201755,201844,
Clay Reid,,,,,,,,204206,201135,
Clay Taylor,,,,,,,,201591,201348,
Cliff Hampton,,,,,,,,203807,201391,
Clifford A. Bunot,,,,,,,,203629,201678,
Colby Gomez,,,,,,,,201727,201817,
Coleen Schwartz,,,,,,,,201798,200866,
Corey Hotton,,,,,,,,204260,201786,
Corinne Loveridge,,,,,,,,204145,201348,
Cortnie Ballard,,,,,,,,203053,204031,
Cristine Hall,,,,,,,,202759,201900,
Crystal Danley,,,,,,,,201416,201031,
Cuicui Zhang,,,,,,,,201804,201563,
Cynthia Solsbery,,,,,,,,204121,201046,
Dana Stratton,,,,,,,,201705,201791,
Daniel Jensen,,,,,,,,200070,201834,
Daniel Neff,,,,,,,,201723,201791,
Daniel Stevenson,,,,,,,,201656,200615,
Danielle Barnett,,,,,,,,201027,201844,
Danielle Wissler,,,,,,,,202615,201657,
Daren Bangerter,,,,,,,,203914,201658,
Darlene D. Deyoung,,,,,,,,201764,203494,2023
David Arp,,,,,,,,201194,201046,
David Hall,,,,,,,,200522,201791,
David Taylor,,,,,,,,201102,201053,
David Von Niederhausern,,,,,,,,204519,203359,
Dawn Cannon,,,,,,,,201064,201053,
Dawn Cooper,,,,,,,,201017,201053,
Dawn Murray,,,,,,,,200369,201053,
Dawn Richardson,,,,,,,,201868,201786,
Dayle Deitch,,,,,,,,201877,201817,
Debbie L. Madrigal,,,,,,,,201792,200997,
Debra Garcia,,,,,,,,204278,200309,
Deirdre Julieann Williams,,,,,,,,204387,201791,
Delaney Krizan,,,,,,,,200264,201817,
Delmar Ramos,,,,,,,,201716,201826,
Denise Isaac,,,,,,,,201230,201817,
Diana Jackson-Stocks,,,,,,,,201485,201674,
Donald H. Reynolds,,,,,,,,200813,200249,
Donna Callas,,,,,,,,201297,201786,
Doris M. Centeno,,,,,,,,201356,204207,
Dorothy Dujardin,,,,,,,,201708,201505,
Edelmira Alcaraz,,,,,,,,204342,200866,
Edison H. Miyawaki,,,,,,,,203989,201046,
Edison K. Miyawaki,,,,,,,,201758,201476,
Edith Manzano,,,,,,,,204130,201791,
Eive Larsen,,,,,,,,202001,201756,
Elisabeth Peterson,,,,,,,,200345,200774,
Elisangela Pereira Gassa,,,,,,,,203918,201791,
Elizabeth Bolos,,,,,,,,201770,201499,
Elizabeth Campbell-Townsend,,,,,,,,204140,200010,
Elizabeth Jordon,,,,,,,,201733,200309,
Elizabeth Sprague,,,,,,,,203571,201826,
ELLENA Edwards,,,,,,,,200359,201834,
Emily Hullinger,,,,,,,,201784,201674,
Emmee Chuter,,,,,,,,204214,201786,
Eric R. Powell,,,,,,,,201022,201900,
Erica Hall,,,,,,,,201075,200309,
ERICA MCKINNEY,,,,,,,,203556,201786,
Erica Vanginkel,,,,,,,,203382,200959,
Erika Magana,,,,,,,,204315,200997,
Erika Splawn,,,,,,,,202316,201096,
Erin B. Fluhrer,,,,,,,,204380,200866,
Erin Hansen,,,,,,,,201379,203359,
Erin Langford,,,,,,,,202788,201900,
Franco N. Aguero,,,,,,,,201324,202248,
Fritz Ndoko,,,,,,,,201389,201657,
Gabrielle McKowen,,,,,,,,200967,201336,
Gary Hales,,,,,,,,204363,201053,
Geoffrey Fisher,,,,,,,,200268,201053,
Gidget L. Ishol,,,,,,,,204137,204031,
Gina E. Strickland,,,,,,,,203304,201046,
Gisele M. Gowans,,,,,,,,202380,201817,
Given Fuentes,,,,,,,,202381,201096,
Gladys Gazani,,,,,,,,203815,200249,
Glen Tonge,,,,,,,,201103,201391,
Hamby Kahawaii-Lang,,,,,,,,204362,203359,
Hannah Arthur,,,,,,,,204512,202248,
Hannah Larsen,,,,,,,,201276,202248,
HEATHER KNIGHT,,,,,,,,204301,203494,
Heather L. Van Beekum,,,,,,,,204123,201135,
Heather Magee,,,,,,,,201151,204031,
Heidi Oldaker,,,,,,,,204374,204466,
Heru Hendarto,,,,,,,,201206,204207,
Hilary Okumura,,,,,,,,203005,200010,
Hillary Partida,,,,,,,,203723,203053,
Hillary Watson,,,,,,,,200964,201096,
Holly G. Ellison,,,,,,,,202981,200249,
Holly Hacking,,,,,,,,202481,204207,
Holly Kofford,,,,,,,,201722,201046,
Holly Reisch,,,,,,,,201953,204031,
Ian Paur,,,,,,,,204394,201817,
Imelda Hernandez,,,,,,,,201871,201678,
Isaac Atkins,,,,,,,,203974,203359,
Jacey Bateman,,,,,,,,201812,201817,
Jacob Colby,,,,,,,,201782,201175,
Jacob Putnam,,,,,,,,203377,201499,
Jade Curtice,,,,,,,,204386,201791,
Jade Robertson,,,,,,,,204358,201817,
Jadynn Myles,,,,,,,,204009,201826,
Jaimie Waite,,,,,,,,203381,201826,
James Loughlin,,,,,,,,201829,201817,
James Montella,,,,,,,,200899,201038,
James N. Anderson,,,,,,,,203421,201817,
Jamie Hampton,,,,,,,,200444,201817,
JAMIE NORTH,,,,,,,,201620,202248,
Janel Larson,,,,,,,,203186,201826,
Janis Maag,,,,,,,,204486,200866,
Jazmine Marks,,,,,,,,202086,202248,
Jeanette Staker,,,,,,,,203652,201657,
Jedediah Briscoe,,,,,,,,203532,201563,
Jeff Bezzant,,,,,,,,201266,201046,
Jeffrey Wade,,,,,,,,201982,201391,
Jeffrey Yoshimura,,,,,,,,202555,201826,
Jenah West,,,,,,,,203097,201096,
Jenica Slaugh,,,,,,,,201789,200249,
Jennie Hinton,,,,,,,,202389,200264,
Jennifer Burge,,,,,,,,201714,203359,
Jennifer Hines-Josephson,,,,,,,,201851,201111,
Jennifer Larsen,,,,,,,,201163,201900,
Jennifer Lowry,,,,,,,,204331,201826,
Jennifer Pierson,,,,,,,,201443,202248,
Jennifer Sundari Jones,,,,,,,,204143,201817,
Jennifer Wilson,,,,,,,,204210,201834,
Jennifer Woods,,,,,,,,200874,201175,
Jenny Vanderwerff,,,,,,,,203593,203494,
Jeremy Hills,,,,,,,,204426,201391,
Jessica A. Shay,,,,,,,,201725,201678,
Jessica Anderson,,,,,,,,203938,201756,
Jessica Curtis,,,,,,,,202537,200866,
Jessica Esposito,,,,,,,,203798,204031,
Jessica Higgins,,,,,,,,203925,201756,
Jessica Kump,,,,,,,,200597,201786,
Jessica Luckett,,,,,,,,201788,204031,
Jessica R. Wills,,,,,,,,201187,201900,
Jill Harris,,,,,,,,201078,201826,
Jo Alexis Tugade,,,,,,,,203319,201395,
JO RILEY PETERSON,,,,,,,,203695,200613,
Joan Prudhomme,,,,,,,,203531,201817,
Jode Packer,,,,,,,,201690,201135,
Jodene Johnson,,,,,,,,204026,201817,
Johanna Whatcott,,,,,,,,201585,201900,
Joni Acuna,,,,,,,,203083,201046,
Joni Hamblin,,,,,,,,203805,200249,
Jordan Thurston,,,,,,,,201685,201678,
Jose Castellano,,,,,,,,201579,204031,
Joshua Hall,,,,,,,,201759,204031,
Joshua Hancock,,,,,,,,200043,203494,
Joshua Larsen,,,,,,,,200166,201046,
Joshua Makin,,,,,,,,204382,201135,
JOSHUA NORWOOD,,,,,,,,203902,201038,
Joyce Brown,,,,,,,,203072,203494,
Juana Resendiz,,,,,,,,201803,201791,
Juliane Marisa Meadows,,,,,,,,200999,200615,
Juliann Cochran,,,,,,,,202209,200615,
Julianna Begay,,,,,,,,201818,201786,
Julianne Boss,,,,,,,,200120,201175,
Julie Bird,,,,,,,,202799,204207,
Julie Goodman,,,,,,,,201455,201348,
Julie Olson,,,,,,,,201870,200997,
Julie Simmons,,,,,,,,200915,201046,
Julie Vieira-Hoyle,,,,,,,,200270,201826,
Justin Larson,,,,,,,,201637,201657,
Kacy Cook,,,,,,,,204508,201774,
Kaeti Byles,,,,,,,,201597,201391,
Kaitlyn Hensley,,,,,,,,203585,201791,
Kara Dyer,,,,,,,,201011,200866,
Karen Blackwater,,,,,,,,203898,201657,
Karen Miyawaki,,,,,,,,202779,201563,
Kari Goodnight,,,,,,,,201846,201391,
Karl R. Bergeson,,,,,,,,203589,201632,
Karon B. Knight,,,,,,,,204327,202749,
Katherine Bytendorp,,,,,,,,201453,200997,
KATHRYN BANGERTER,,,,,,,,203058,201175,
Kathryn Bradshaw,,,,,,,,201311,201031,
Kathryn G. Berry,,,,,,,,203332,201826,
Kathy Payne,,,,,,,,202324,202248,
Katie E. Amotai,,,,,,,,202469,201046,
Katie Parker,,,,,,,,204503,201046,
Katrina Carter,,,,,,,,200583,201900,
Kayla Morrison,,,,,,,,201185,201900,
Kaylee Farnsworth,,,,,,,,204169,201900,
Kayleen Tanner,,,,,,,,203835,201053,
Kayley Crane,,,,,,,,201754,201046,
Kaylie Smith,,,,,,,,201983,202248,
Keith Wheeler,,,,,,,,203764,201844,
Kelery Hansen,,,,,,,,200272,204466,
Kelsey Kruckenberg,,,,,,,,201856,200613,
Kesa Hurst,,,,,,,,204124,201135,
Kevin Patterson,,,,,,,,204225,201135,
Kim Schmutzler-Agee,,,,,,,,200739,201053,
Kimberly Chamberlain,,,,,,,,202511,201348,
Kimberly Johnston,,,,,,,,201810,201038,
Kimberly Searle,,,,,,,,200511,201674,
Kimberly Woods,,,,,,,,201695,200249,
Kimiko Foster,,,,,,,,203267,201817,
Kordell Howell,,,,,,,,202044,201834,
Korene Atene,,,,,,,,200645,204031,
Kori Lythall,,,,,,,,202013,203468,
Kraig Packer,,,,,,,,201560,201391,
Krissha V. De Guzman,,,,,,,,200350,201844,
Krista Brock,,,,,,,,202675,203359,
Kristal Hamilton,,,,,,,,201513,201678,
Kristin Mosman,,,,,,,,203550,201817,
Kristina Swett,,,,,,,,203409,201135,
KRYSTAL CARILLO,,,,,,,,201306,201657,
Kylie Carver,,,,,,,,200450,201900,
Kylie L. Ferguson,,,,,,,,203727,201657,
Lacy Drane,,,,,,,,204195,200309,
LaDawn Whitaker,,,,,,,,204473,201348,
Lane Sego,,,,,,,,204328,201499,
Larry Wiseman,,,,,,,,203255,201774,
Laura Kellogg,,,,,,,,202382,201900,
Laura Reed,,,,,,,,203439,201046,
Lauren Peterson,,,,,,,,203295,200249,
Leah Molitor,,,,,,,,201517,200249,
Leanna Oberman,,,,,,,,201761,200249,
Lee Anne Gilliam,,,,,,,,202516,200249,
Lee J. Nielsen,,,,,,,,200206,201206,
Leslie Dean,,,,,,,,201809,201678,
Linda Jean Maestas,,,,,,,,200294,201826,
Lindsie Anderton,,,,,,,,201628,201046,
Linzi Hatfield,,,,,,,,202010,201135,
Lisa Howell,,,,,,,,203450,202248,
Logan Monson,,,,,,,,201561,201678,
LORI ALLDREDGE,,,,,,,,204308,203359,
Lori Baker,,,,,,,,201552,201499,
Lorraine Scarborough,,,,,,,,203537,201826,
Lourdes V. Calabia,,,,,,,,203170,202749,
Lucas Carpenter,,,,,,,,201081,202749,
Luis Villasenor Hernandez,,,,,,,,203548,200615,
Luke Bangerter,,,,,,,,203194,201826,
LUZ MARQUEZ,,,,,,,,201162,201657,
Ma Natalia Aranda,,,,,,,,201135,201678,
Madalynn J. Taylor,,,,,,,,202422,200615,
Maesha Pickard,,,,,,,,204168,201563,
Magdalena Mensinger,,,,,,,,201518,201563,
Makenna Beaslin,,,,,,,,201307,201348,
Malea Sampsel,,,,,,,,204037,201644,
Manuel Lazo,,,,,,,,200371,201774,
Marci Bradshaw,,,,,,,,200482,203494,
Marcia Jacobs,,,,,,,,203339,201135,
Marcu'cesia Ache McNeal,,,,,,,,201776,201096,
Marcus T. Burton,,,,,,,,203657,201175,
Mareesa Mccann,,,,,,,,201715,201135,
Margarete Koch,,,,,,,,202214,201405,
Maria Arp,,,,,,,,203729,202248,
Maria Hernandez,,,,,,,,201773,201046,
Maria Molina,,,,,,,,201771,201499,
Maria Moore,,,,,,,,203448,201391,
Mariah Olson,,,,,,,,201034,201175,
Marisa Foote,,,,,,,,202480,200309,
Mark Allred,,,,,,,,204515,203359,
Mark Lester,,,,,,,,203591,201678,
Marlee Johnsen,,,,,,,,204505,201826,
Marlene Ornano,,,,,,,,204446,201135,
Marley Dalla,,,,,,,,200103,201826,
Marlyn Tirado Nieves,,,,,,,,204186,201038,
Marquita Luker,,,,,,,,201847,202248,
Martha Guarino,,,,,,,,200741,201348,
Martin E. Kearl,,,,,,,,201522,201834,
Martin Perez Rosas,,,,,,,,203863,201774,
Mary Cox,,,,,,,,203539,201175,
Mary W. Phillips,,,,,,,,204230,201657,
Marylou B. Black,,,,,,,,201498,201046,
Mathilda Gregersen,,,,,,,,201071,201046,
Matthew Jensen,,,,,,,,201766,201069,
Matthew Mitchell,,,,,,,,202417,201679,
Matthew Wilt,,,,,,,,204361,200782,
Max A. Cornia,,,,,,,,200845,201678,
Melanie I. Boyd,,,,,,,,201140,204031,
Melanie L. Hewitt,,,,,,,,203901,201046,
Melinda Languido,,,,,,,,204414,201834,
Melissa Hernandez,,,,,,,,201757,200774,
Melissa Matthews,,,,,,,,204011,203468,
Melissa Nielsen,,,,,,,,201659,201499,
Melissa Wall,,,,,,,,204326,200613,
Melody Doyle,,,,,,,,204103,203053,
Melony Montano,,,,,,,,204108,201774,
Mercedes Thibodeaux,,,,,,,,202223,201499,
Michael Bond,,,,,,,,203616,201499,
Michael Day,,,,,,,,204407,201817,
Michael Ewell,,,,,,,,201825,201053,
Michael Farrell,,,,,,,,201820,201834,
Michael Jacobs,,,,,,,,201562,201563,
Michael Johanson,,,,,,,,204458,201038,
Michael Joseph Bourgoyne,,,,,,,,202298,200866,
Michael Mathews,,,,,,,,200587,201046,
Michael Wood,,,,,,,,201794,201031,
Micheal K. Nelson,,,,,,,,203528,201135,
Michele Dabrowski,,,,,,,,201808,200249,
Michele Smith,,,,,,,,200111,201348,
Michelle Camp,,,,,,,,201806,204031,
Michelle Chaparro,,,,,,,,203919,201046,
Michelle Gonzales,,,,,,,,203936,201554,
Michelle Hansen,,,,,,,,204350,204466,
Michelle Peters,,,,,,,,204283,203359,
Michelle Thomas,,,,,,,,200352,201661,
Michelle Tombs,,,,,,,,202102,203359,
Mindy Carlson,,,,,,,,204208,203359,
Mindy Fenn,,,,,,,,200365,202749,
Misty Poulson,,,,,,,,201780,201826,
Mitchell Elting,,,,,,,,201422,201826,
Monica Davies,,,,,,,,203513,201678,
Morgan Long,,,,,,,,203738,200997,
MyKella Bradley,,,,,,,,201636,202248,
Nancy Bond,,,,,,,,200979,200613,
Nancy Julieta Alfaro,,,,,,,,201687,201826,
Nancy N. Lopez,,,,,,,,204250,201395,
Nathan Mcclure,,,,,,,,201559,201817,
Nicole Gubler,,,,,,,,200582,200613,
Nicole Hansen,,,,,,,,201072,201348,
Nicole J. Barker,,,,,,,,204141,201826,
Nicole M. Mcquillan,,,,,,,,202457,203359,
Nicole Nielson,,,,,,,,201867,200010,
Nicole Vuyk,,,,,,,,202701,201395,
Nicolea Jones,,,,,,,,200974,200309,
Nina Byles,,,,,,,,201680,201900,
Nina Fetic,,,,,,,,200169,201661,
Odra Christensen,,,,,,,,200243,200309,
Olga Greene,,,,,,,,203975,201786,
Oliver Alderson,,,,,,,,201857,201391,
Pamela Good,,,,,,,,201822,201678,
Patience Martin,,,,,,,,202699,201657,
Patricia Ann Briggs,,,,,,,,201604,201563,
Patricia Dunn,,,,,,,,201614,200959,
Patricia Herrera,,,,,,,,204522,201678,
Patricia Murphy-Cone,,,,,,,,203538,203359,
Paulette Mpouli,,,,,,,,200889,201554,
Peggy Mares,,,,,,,,203976,200613,
Pelenaise Fonua,,,,,,,,202917,201135,
Rabeckah Stanton,,,,,,,,204471,201900,
Rachel Johnson,,,,,,,,203031,201900,
Rae Lujan,,,,,,,,202639,201900,
Raul Partida,,,,,,,,203892,201791,
Raymond Chan,,,,,,,,204014,201791,
Raymond Payne,,,,,,,,201688,201835,
Reanna Miller,,,,,,,,201675,201817,
Rebecca Ellers,,,,,,,,200027,201678,
Rebecca Flegal,,,,,,,,200927,200615,
Rebecca Forman,,,,,,,,203608,200249,
Rebecca Hougaard,,,,,,,,201527,201817,
Rebecca Lewis,,,,,,,,202872,201786,
Rebecca Lopez-Henry,,,,,,,,200751,201791,
Rebecca Polson,,,,,,,,201830,201786,
Rebecca Prosise,,,,,,,,201174,201046,
Rebecca Sant,,,,,,,,200912,201563,
Rebekah Bigelow,,,,,,,,203137,200615,
Reena Garabadu,,,,,,,,203543,204466,
Richard Hurst,,,,,,,,201926,201774,
Richard Pullan,,,,,,,,201765,200866,
Riley Scanlan,,,,,,,,201173,201817,
Rita Thorpe,,,,,,,,204264,203494,
Robin Wimmer,,,,,,,,203353,201729,
Ronald Ahrens,,,,,,,,203383,201817,
Ronda L. Kelson,,,,,,,,204288,201817,
Roxie McFarland,,,,,,,,200610,201817,
Ruth Perez,,,,,,,,203460,201817,
Ryan F. Harper,,,,,,,,201096,201674,
Ryan Perron,,,,,,,,201553,201674,
Sabina Boies,,,,,,,,200973,200010,
Sabrina Dona,,,,,,,,201823,200866,
Samuel Smith,,,,,,,,204259,201826,
Sara Church,,,,,,,,203980,201499,
Sara Nickerson,,,,,,,,200281,204031,
Sara Sumsion,,,,,,,,200418,203468,
Sarah Fatt,,,,,,,,201571,201756,
sarah holt,,,,,,,,200525,201031,
Sarah McKee,,,,,,,,203372,201053,
Sarah Pugh,,,,,,,,203422,201053,
Sarita Singh,,,,,,,,204533,200866,
Savannah Riding,,,,,,,,203977,203494,
Savannah Wright,,,,,,,,200995,201900,
Scott Brown,,,,,,,,200916,200997,
Sean Wood,,,,,,,,201845,201826,
Selene Molinar,,,,,,,,201821,200866,
Shandalane P. Rowe,,,,,,,,200474,201391,
Shane Hunsaker,,,,,,,,203671,200010,
Shania Lowther,,,,,,,,203142,203359,
Shannyn Rupert,,,,,,,,200576,202248,
Sharon McNeil,,,,,,,,200472,201046,
Sharon Speer,,,,,,,,201707,201174,
Sheila Bringhurst,,,,,,,,203824,200866,
Sheila Mioni,,,,,,,,200794,201031,
Shelby Cherry,,,,,,,,204449,201678,
Shelby Ivory,,,,,,,,204408,200959,
Shelby Maddox,,,,,,,,201731,201834,
Shelby Wells,,,,,,,,201779,201826,
Shelley Woods,,,,,,,,204483,201756,
Shelly A. Heath,,,,,,,,201819,201046,
Shelly Frew,,,,,,,,204188,200249,
Sheralyn Call,,,,,,,,203340,203359,
Sheridan Schultz,,,,,,,,202071,201563,
Shirley A. Tavares,,,,,,,,200800,200613,
Shirlie Wilson,,,,,,,,204521,201900,
Shyann Cowlishaw,,,,,,,,203277,202248,
Siale Hola,,,,,,,,204114,201554,
Skysherry Ramirez,,,,,,,,200980,203359,
Sonja Nagle,,,,,,,,204445,203359,
Sonny Hanks,,,,,,,,202020,203359,
Spencer K. Noyce,,,,,,,,201833,200997,
Stacey Deland,,,,,,,,204227,200866,
Stephani Bylund,,,,,,,,201703,201844,
Stephanie Holtman,,,,,,,,204166,201826,
Stephanie Nelwood,,,,,,,,204525,203359,
Stephanie Shew,,,,,,,,204303,201678,
Stephanie Ulloa,,,,,,,,201694,201900,
Stephen Bruce,,,,,,,,201874,200613,
Stetson Fowler,,,,,,,,201704,203359,
Steven Dixon,,,,,,,,204504,203053,
Stewart Thomas,,,,,,,,203839,201053,
Sunny Suesue,,,,,,,,200384,201826,
Susan Brown,,,,,,,,202427,202248,
Susan Miller,,,,,,,,202424,203468,
Susan Sperry,,,,,,,,203391,201476,
Susan Weston,,,,,,,,203074,201046,
Tammie Higham,,,,,,,,203673,201038,
Tammy Ahler,,,,,,,,200758,201844,
Tammy Fausett,,,,,,,,204375,201826,
Tammy Smalldon,,,,,,,,201165,201756,
Tashina Seelye,,,,,,,,204112,201834,
Taylor Adams,,,,,,,,201717,201817,
Taylor Reher,,,,,,,,204432,201786,
Teresa Albright,,,,,,,,201035,200959,
Teri Zunkowski,,,,,,,,203191,201817,
Tessie Almanzor,,,,,,,,200604,201900,
Teya Wilson,,,,,,,,204538,203359,
Thelma Barajas,,,,,,,,202834,200613,
Thomas Beckstead,,,,,,,,203131,201817,
Tiana Bell,,,,,,,,201862,201679,
Tiffanie Lafeen,,,,,,,,202541,200249,
Tiffany Cumpston,,,,,,,,204368,201348,
Tiffany Lee,,,,,,,,201619,204031,
Todd Larson,,,,,,,,201740,201844,
Todd Maurer,,,,,,,,201726,201826,
Tom Kincheloe,,,,,,,,201302,201657,
Toni Cramer,,,,,,,,201568,201661,
Toni Dee,,,,,,,,201686,201678,
Traci Shipley,,,,,,,,203630,201817,
Tracy Elkington,,,,,,,,204273,201844,
Tracy Munson,,,,,,,,201952,201175,
Travis Allen,,,,,,,,201510,201817,
Travis Banks,,,,,,,,203048,203359,
Travis Richardson,,,,,,,,204146,201678,
Trenton Edwards,,,,,,,,203245,201563,
Trisha Kunze,,,,,,,,204448,201135,
Tsirison Rakotoniaina,,,,,,,,201961,201657,
Tymber Bennett,,,,,,,,203444,204031,
Vedran Knezevic,,,,,,,,201653,201348,
Vera Carlson,,,,,,,,200075,201395,
Vicki Burgos,,,,,,,,203907,201038,
Victoria Elliott,,,,,,,,201111,201679,
Wendi Hansen,,,,,,,,202051,201844,
Wendy Delillo,,,,,,,,201992,201844,
Wendy Hill,,,,,,,,202032,201096,
Wendy Mcguire,,,,,,,,203910,202248,
Westley Hurst,,,,,,,,203828,201657,
Weston Spivey,,,,,,,,203536,201678,
William Spencer,,,,,,,,202913,201900,
Winston Suarez,,,,,,,,201128,201900,2023
Yuliya Subbotina,,,,,,,,203793,201791,
ABBEY THOMAS,,,,,,,,200015,201276,
Abbie Remick,,,,,,,,200473,201046,
Abbie Varga,,,,,,,,201570,201391,
Abby Bell,,,,,,,,200108,203494,2023
ADAM BURRIDGE,,,,,,,,204381,201678,
Adam Butts,,,,,,,,204177,201348,
Adam Romeo Cabalbag,,,,,,,,201514,201786,
Adela Lardizabal,,,,,,,,200962,201391,
Adelaide Allen,,,,,,,,201875,201563,2023
ADREANA STEELE,,,,,,,,204105,201678,
Aeie Ladiona,,,,,,,,202986,201632,
Afrah Patricia Al hachami,,,,,,,,200513,201391,
Aida C. Antalan,,,,,,,,202259,201175,
Aiden Radford,,,,,,,,204000,201499,
Aleizsha Mokulehua,,,,,,,,203617,201038,
Alejandra Pardinas,,,,,,,,203579,201391,
Alex Ray Demler,,,,,,,,202608,201391,
Alex Sanchez,,,,,,,,201610,201391,
Alexandria R. Likes,,,,,,,,200349,201046,
Alexis Hurst,,,,,,,,203454,201276,
Alicia Anderson,,,,,,,,201160,201817,
Aline Iappe,,,,,,,,201567,201900,
Alisha Gowen,,,,,,,,201908,201038,
Alison Nash,,,,,,,,204324,200615,
Allelie Castillo,,,,,,,,201032,201046,
Allena Munoz,,,,,,,,202652,201038,
Allison Flood,,,,,,,,201840,201031,
Allison Harbertson,,,,,,,,200025,201135,
Allison Riches,,,,,,,,201839,201817,
Allison Sanchez,,,,,,,,201721,200959,
Almaroz Hollingshead,,,,,,,,204461,203494,
Alpha Murayama,,,,,,,,202923,201900,
Alyson Ewell,,,,,,,,201807,201674,
Alyssa Bohn,,,,,,,,203767,201834,2023
Alyssa Cabri,,,,,,,,204174,201135,
AMANDA BARNES,,,,,,,,203739,201900,
Amanda Barrera,,,,,,,,200600,201900,
Amanda Burtenshaw,,,,,,,,201285,201900,
Amanda Casey,,,,,,,,200908,200010,2023
Amanda Cruz,,,,,,,,200745,203359,
Amanda Linarte,,,,,,,,203044,201563,
Amber Claytor,,,,,,,,201751,200615,
Amelia R. Peard,,,,,,,,200948,200959,
Amellia Escaran,,,,,,,,201793,201817,2023
Amilia Watson,,,,,,,,202023,201499,
Ammon Stark,,,,,,,,203496,201678,
Amy Chatterton,,,,,,,,200386,201756,
Amy Foy,,,,,,,,201849,201391,
Amy Gillett,,,,,,,,202746,203468,
Amy Gore,,,,,,,,200928,203359,
Amy Mueske,,,,,,,,204036,202248,
Ana Gomez,,,,,,,,203766,201038,
Ana Manuel,,,,,,,,203161,201175,
Andrea Baum,,,,,,,,204493,201661,
Andrea RodriguezAcevedo,,,,,,,,203685,200615,
Andres D. Preston,,,,,,,,202369,201563,
Andrew A. Bennett,,,,,,,,204297,200309,
Andrew Heuser,,,,,,,,204325,201826,
Angela Crow,,,,,,,,204170,201817,
Angela J. Grimes,,,,,,,,204200,201674,
Angela Marvidakis,,,,,,,,202247,201817,
Angela Nielsen,,,,,,,,204396,201348,
Angelina Varner,,,,,,,,203753,201135,
Angie Cancino,,,,,,,,204336,201046,
Anjeleena Reyes,,,,,,,,204353,200866,
Anna Munoz,,,,,,,,204133,201348,
Annabel Agcaoili,,,,,,,,202451,200010,
Annalysa Hill,,,,,,,,204500,204207,
Annieca Deguzman,,,,,,,,204241,204207,
Anthony Biloan,,,,,,,,204024,201834,
Antonio Corpuz,,,,,,,,204420,201844,
April Villa,,,,,,,,201497,200997,
April Wilson,,,,,,,,202613,201817,
Araceli Cervantes,,,,,,,,200364,201046,
Ariana Diaz,,,,,,,,203572,201348,
Armando Fernandez,,,,,,,,203715,200010,
Ashlee Edwards,,,,,,,,200282,201391,
Ashlee Louderman,,,,,,,,202868,201563,
Ashley Anderson,,,,,,,,200500,204207,
Ashley Jacobs,,,,,,,,202459,203072,
Ashley Johnson,,,,,,,,204332,201834,
Ashley Wilson,,,,,,,,204077,201096,
Ashly Garcia,,,,,,,,204059,203468,2023
Ashlyn Susanna Bean,,,,,,,,203838,201395,
Aubry Paxman,,,,,,,,202702,201834,
Audine Harting,,,,,,,,201257,201817,
Audra Dangerfield,,,,,,,,204434,201174,
Audrie Smart,,,,,,,,204360,201791,2023
Aurelia Stutzman,,,,,,,,204348,201817,
Aurora Delgado,,,,,,,,203632,201678,
Austin Happenny,,,,,,,,204354,203359,
Autumn Greaves,,,,,,,,202581,201844,
Autumn Rivera,,,,,,,,203417,201140,
Baby Jane Pacleb,,,,,,,,203668,200915,
Bailey Barker,,,,,,,,200571,201173,
Bailey Levensailor,,,,,,,,202415,200349,
Barbara Bouse,,,,,,,,204253,200281,
Barbara Tipping,,,,,,,,200228,200111,
Barrett Lebow,,,,,,,,204474,200513,
Baylee Patterson,,,,,,,,200788,202298,
Belynda Brown,,,,,,,,202302,203072,
Bernadine Noon,,,,,,,,203286,202020,
Beth Galo,,,,,,,,202565,200482,
Bethany Snell,,,,,,,,203995,200741,
Betty Wall-Wittman,,,,,,,,204385,203589,
Bianka Pelayo,,,,,,,,203196,203658,
Bill Cox,,,,,,,,201491,200741,
Bobbi Wadman,,,,,,,,204517,200111,
Bonnie Bryant,,,,,,,,200175,202986,
Bonnie Mayberry,,,,,,,,204383,200359,
Brady Carter,,,,,,,,202109,200359,
Brande K. Tremblay,,,,,,,,204523,200111,
Brandy Fulkerson,,,,,,,,203912,201135,2023
Brannon Marks,,,,,,,,202780,200418,
Breanna Ostler,,,,,,,,204119,200741,
Bree Rose Ivory,,,,,,,,202253,201096,
Breeyn T. Payne,,,,,,,,200844,201485,
Brenda Matthews,,,,,,,,200426,203824,2023
Brenda Thompson,,,,,,,,202266,200349,
Brenda Torres,,,,,,,,203781,203053,
Brielle Robertson,,,,,,,,200259,201276,
Britain Galicia,,,,,,,,201091,200418,
Brittany Fenton,,,,,,,,200469,200418,2023
Brittany Flickinger,,,,,,,,203129,200359,
Brittany M. Kenner,,,,,,,,200933,200418,
Brittany Mitchell,,,,,,,,204399,203589,
Brittany Wadsworth,,,,,,,,200362,201140,
Brittney Vouk,,,,,,,,204507,201173,
Brooke Draper,,,,,,,,203215,201485,
Brooke LaJoie,,,,,,,,203428,200264,
Brooke Powelson,,,,,,,,204265,201174,
Brooklynn Nichole Eva,,,,,,,,203887,201276,
Bryanna Roylance,,,,,,,,204497,203658,
Brykell Taylor,,,,,,,,200508,200741,
Bryson Grose,,,,,,,,200907,201011,
Cache Arbon,,,,,,,,201654,200874,
Caleb Harvey,,,,,,,,203870,200582,
Cameron Alazia,,,,,,,,204428,203589,
Cameron Smith,,,,,,,,200260,200915,
Candace Andersen,,,,,,,,202142,200111,
Candice R. Libby,,,,,,,,200008,200525,
Carlos Navarro Esquivel,,,,,,,,200230,201140,
Carly Penrod,,,,,,,,202901,200916,
Carmen Rivera,,,,,,,,204397,200264,
Carolina Pagdilao,,,,,,,,200864,200349,
Carter Harvey,,,,,,,,200601,200741,
Casey Brush,,,,,,,,200792,203589,
Cassandra Taylor,,,,,,,,204131,200889,2023
Cassidy Judd,,,,,,,,203175,201336,
Cassie Phillips,,,,,,,,203204,200889,
Cathrine R. Edwards,,,,,,,,200143,200513,
Cecilia E. Cazares Spencer,,,,,,,,202288,201173,
Chantal Alviso,,,,,,,,204516,201485,2023
Chassidy Ruedas,,,,,,,,201511,203658,
Chelsea R. Sharon-Weems,,,,,,,,202064,203658,
Chelsee McIlrath,,,,,,,,201275,201096,
Chelsie Dawn Vega,,,,,,,,203216,202608,
Cherie Hooton,,,,,,,,204321,200111,2023
Cherise Herrera,,,,,,,,201248,203658,
Cherry Ramos,,,,,,,,201130,200043,
Cheryl L. Jacobson,,,,,,,,201014,201053,
Cheryl Vargas,,,,,,,,204477,200349,
Cheryle Wolfe,,,,,,,,203485,203589,
Chloelaine Bodily,,,,,,,,203761,200915,
Christi Barton,,,,,,,,204352,200418,
Christie Moulton,,,,,,,,204502,202298,
Christina Ana Fifi Masima,,,,,,,,204451,203589,
Christina Bishop-Kollar,,,,,,,,203389,201053,
Christina Trujillo,,,,,,,,200431,200264,
Christine E. Phillips,,,,,,,,203788,201096,
Christine Johnson,,,,,,,,203732,200513,
Christy Hansen,,,,,,,,202778,202986,
Chrystal Chamberlain,,,,,,,,204400,200916,
Citlali Cerda,,,,,,,,204481,200915,
Clarita Navarrete,,,,,,,,204270,200349,
Cole Christiansen,,,,,,,,203670,200349,
Cory Harrison,,,,,,,,204379,201173,
Courtnee Butterfield,,,,,,,,200894,200111,
Courtney Chynoweth,,,,,,,,203846,200111,
Courtney Feller,,,,,,,,204193,203053,
Courtney R. Fitzpatrick,,,,,,,,204441,200741,
Cristal Fierro Cervantes,,,,,,,,203200,200418,
Cristy L. Givens,,,,,,,,202141,200916,
Crystal Hoggatt,,,,,,,,204509,200418,
Crystal Lela Hernandez,,,,,,,,203471,200349,
Daisy Hernandez,,,,,,,,200339,200915,
Daisy Jean Alejandro,,,,,,,,202990,200264,
Dallas Meyer,,,,,,,,200599,203658,
Danelle Taylor,,,,,,,,202677,200006,
Daniel Hornok,,,,,,,,203059,200264,
Daniela Bergantz,,,,,,,,200351,203589,
Daniela Quiza,,,,,,,,204263,200111,
Danielle Bivin,,,,,,,,201028,201173,
DANIELLE CRIPPS,,,,,,,,202310,200525,
Danielle Kittrell,,,,,,,,203361,200785,
DANIELLE RODRIGUEZ,,,,,,,,202657,200111,
Danniell Nicole Malueg Arnold,,,,,,,,204373,201276,
Danny Browning,,,,,,,,200081,200349,
Danny Royer,,,,,,,,200503,203658,
Dario Vite,,,,,,,,204514,203589,
Darlin General,,,,,,,,200368,200111,
Daryl J. Hansen,,,,,,,,203890,201485,
Debora Nelson,,,,,,,,200591,200418,
Deborah D. Christensen-Long,,,,,,,,203689,203072,
Deborah Johnson,,,,,,,,204096,201678,
Deborah Little,,,,,,,,203289,200525,
Deborah Sage,,,,,,,,200581,200582,
Debra Layton,,,,,,,,203197,203072,
Delia Bayani,,,,,,,,202315,201135,
Delie Edrada,,,,,,,,200992,203053,
Denise Wiley,,,,,,,,200932,201206,
Deseree Strack,,,,,,,,201217,201206,
Desirae Burnham,,,,,,,,203949,201011,
Dewayne Derion Julks JR,,,,,,,,200361,201173,
Diane R. Le Count,,,,,,,,201119,202422,
Dillon Espy,,,,,,,,204463,201173,
Dora Tilley,,,,,,,,201179,202986,
Doris Gutierrez,,,,,,,,200274,201140,
Dorothy Evans,,,,,,,,202532,203658,
DOROTHY GREEN,,,,,,,,203855,200525,
Drew Baker,,,,,,,,204364,200166,
Drew Eden,,,,,,,,201929,201096,
Dustin Lester,,,,,,,,200321,201096,
Dusty Johnson,,,,,,,,202305,201206,
Earl Jones,,,,,,,,203789,200525,
Edinson Navarro,,,,,,,,203867,203072,
Edna Temporal,,,,,,,,200466,200111,
Elena Cecilia Reyes,,,,,,,,203627,200418,
Elena Cox,,,,,,,,203293,203658,
Elida Prieto,,,,,,,,204489,201986,
Elisabeth Hansen,,,,,,,,200448,203658,
Eliza Schmidt,,,,,,,,201533,200915,
Elizabeth Angwin,,,,,,,,202034,200111,
ELIZABETH FAUDOA,,,,,,,,204118,200915,
Elizabeth Garcia,,,,,,,,204156,200741,
Elizabeth Girard,,,,,,,,202258,200111,
Elizabeth Gravdahl,,,,,,,,202971,201173,
Elizabeth Latoszek,,,,,,,,204099,200111,
Elizabeth Werner,,,,,,,,202735,200111,
Ellie Hamilton,,,,,,,,204191,200359,
Elma Yen Beloria,,,,,,,,203181,200418,
Elpidia Saavedra,,,,,,,,200602,201174,
Elsie Luis,,,,,,,,203808,201174,
Elvia Garcia,,,,,,,,204142,200525,
Elysah May Hutchings,,,,,,,,204433,200482,
Emily Ann Lorenzen,,,,,,,,203894,201135,
Emily Crabtree,,,,,,,,200002,200359,
Emily M. Johnson,,,,,,,,201284,201276,
Emily Thompson,,,,,,,,202331,202779,
Emily Tombs,,,,,,,,202964,201096,
Emma Sawyer,,,,,,,,200072,203589,
Emma St Germaine,,,,,,,,201009,200359,
Emmalinna Davis,,,,,,,,201502,203658,
Erica Pierce,,,,,,,,200530,201135,
Erica Weyland,,,,,,,,200246,200111,
Erika Leal,,,,,,,,203969,203658,
Erin Granger,,,,,,,,200170,200513,
Ernestina Turner,,,,,,,,202263,201276,
Esther Elena Gil,,,,,,,,202286,200349,
Ethan Farnsworth,,,,,,,,203574,201135,
Eva Flores,,,,,,,,200167,201485,
Eva Jane Alvey,,,,,,,,204179,200111,
Eva Waters,,,,,,,,204042,203658,
Evangeline Masing,,,,,,,,201504,203658,
Evelyn Dionisio,,,,,,,,200317,200418,
Everest Greene,,,,,,,,202890,200525,
Faamanu Timoteo,,,,,,,,200308,201173,
Febilyn Ulep,,,,,,,,201286,202298,
Fey Ann Valdez,,,,,,,,204526,200999,
Flordeleiz Edralin,,,,,,,,202763,200889,
France Philipp Albos,,,,,,,,204390,203072,
Gabby Rios,,,,,,,,204437,201174,
Gabriel Aiken,,,,,,,,200778,201174,
Gail Roberts,,,,,,,,202611,200349,
Gaudencia Daguio,,,,,,,,200411,201140,
Gayle Fothergill,,,,,,,,202404,202986,
Gayle Lau,,,,,,,,202319,201096,
Gianna Urena,,,,,,,,204199,200281,
Gilbert Jose,,,,,,,,203424,200111,2023
Gillian Jarrard,,,,,,,,200256,201096,
GLESNI NEALL,,,,,,,,204215,201140,
Gliceria Chee,,,,,,,,200316,200349,
Gloria Cabarrubias,,,,,,,,202222,201053,
Gloria Vigo,,,,,,,,202363,200349,2023
Grace Drury,,,,,,,,202895,203589,
Grace Woolsey,,,,,,,,203586,201053,
Gracie Godfrey,,,,,,,,201020,201053,
Gracie Parsons,,,,,,,,204255,200349,
Gretchen Palma,,,,,,,,204317,201674,2023
Guadalupe Cruz,,,,,,,,202265,201011,
Gurpreet Kaur,,,,,,,,200347,200418,
Gurvinder Kaur,,,,,,,,202300,200915,
Gwendolyn Fischer,,,,,,,,203213,201173,
Hadlee Hofeling,,,,,,,,204447,200482,
Hailey Brown,,,,,,,,204313,200513,
Hailey Stacey,,,,,,,,204058,201485,
Hailey Strikwerda,,,,,,,,203350,200349,
Hajer Ismail Al hachami,,,,,,,,204097,200418,
Haley Beverley,,,,,,,,200575,200111,
Haley Dummer,,,,,,,,204238,203589,
Haley Henson,,,,,,,,200028,201173,
Hana Johnson,,,,,,,,203931,201140,
Hanka Jasarevic,,,,,,,,200846,203072,
Hanna Colovich,,,,,,,,204398,200915,
Hannah Stovie,,,,,,,,200024,201173,
Hannah Tamanalevu,,,,,,,,204435,200111,
Hazel Browning,,,,,,,,203785,200281,
Heather Cordon,,,,,,,,204498,203589,
Heather Hokanson,,,,,,,,204220,200264,
Heidi Beck Jenkins,,,,,,,,203561,200418,
Heidi Elliott,,,,,,,,204470,202001,
Helen Fokunang,,,,,,,,201221,201174,
Helen Valido,,,,,,,,202304,202422,
Henry Kaaihue,,,,,,,,202284,203589,2023
Hillary Dunbar,,,,,,,,203734,203658,
Hillary Strickland,,,,,,,,202405,201096,
Holly Alling,,,,,,,,202325,201011,
Hudson Smith,,,,,,,,202409,201485,
HUI YU,,,,,,,,202287,200582,2023
Hunter Nelson,,,,,,,,203823,200264,
Irma S. Gonzalez,,,,,,,,200242,201485,
Isabell Hooton,,,,,,,,203666,200166,
isabella Belen Beauchesne,,,,,,,,202827,203421,
Isabelle Toller,,,,,,,,202282,203589,2023
Izabel Ray,,,,,,,,200998,200582,
Izamara Hernandez,,,,,,,,202370,200166,
Jacee Ault,,,,,,,,200628,200111,
Jacie Patterson,,,,,,,,202294,201053,
Jacob Stodtmeister,,,,,,,,203751,201053,
Jacob Thompson,,,,,,,,204030,200513,
Jacqueline N. Hill,,,,,,,,202277,204031,
Jade Deherrera,,,,,,,,202272,201485,
Jade Holland,,,,,,,,200412,200369,
Jadee Hallman,,,,,,,,200770,201096,
Jamie Smith,,,,,,,,204392,202779,
Jane Cabreros,,,,,,,,204157,200369,
Jane Njeri Mbichi,,,,,,,,204337,203072,
Janessa Gardner,,,,,,,,202312,200264,
Janessa Olson,,,,,,,,203404,200777,
Janet R. Squire,,,,,,,,201241,200111,
Janeth Butay,,,,,,,,201197,200349,
Janice Lazaro,,,,,,,,204242,200741,
Janice M. Steely,,,,,,,,204476,200916,
Jaqueline Agliam,,,,,,,,203662,200418,
Jaqueline Camacho,,,,,,,,203395,202298,
Jared Haddock,,,,,,,,201949,201135,
Jared Hanson,,,,,,,,204201,203589,
JASMINE PEREZ,,,,,,,,202992,200916,
Jason Olson,,,,,,,,200039,204250,2023
Jay Thomas Jessop,,,,,,,,203392,200264,
Jaz Merritt,,,,,,,,202101,201140,
Jazmin Canodeboque,,,,,,,,200470,200349,
Jeanette Christensen,,,,,,,,203010,200418,
Jeanie Weishar,,,,,,,,203153,202298,2023
Jeffrey Alcorn,,,,,,,,203711,203072,
Jenika Higley,,,,,,,,200019,201111,
Jennifer Delaney,,,,,,,,201042,203053,
Jennifer Eva,,,,,,,,203654,201011,
Jennifer Jarillo,,,,,,,,204182,201096,2023
Jennifer Morisse,,,,,,,,200295,200359,
Jennifer Otero,,,,,,,,200616,203658,
Jennifer S. Uekawa,,,,,,,,202327,203589,
Jenny Junio,,,,,,,,202583,200349,
Jens Fillmore,,,,,,,,200329,203421,
Jerry Blakely,,,,,,,,204442,200043,
Jesica Grundy,,,,,,,,200996,200741,
Jessica Donahue,,,,,,,,204488,203072,
Jessica Frank,,,,,,,,204460,201173,
Jessica Garcia,,,,,,,,200990,203658,
Jessica Matheson,,,,,,,,204223,202779,
Jessica Penaloza,,,,,,,,204330,202779,
Jessica Soleta,,,,,,,,203284,202779,
Jesus Daniel Garcia,,,,,,,,202116,200111,
JJ A. ERICKSON,,,,,,,,200607,200006,
Jocelyn Alonzo,,,,,,,,200517,203072,
Joe Williams,,,,,,,,201083,201173,
John Viernes,,,,,,,,204149,200915,
Jordan Galbraith,,,,,,,,202918,200006,
JOSEFA MARTINEZ,,,,,,,,200595,200915,
Joselyn Carlos,,,,,,,,204252,200349,
Joshua Jensen,,,,,,,,201227,202986,
Joshua Peterson,,,,,,,,201137,200889,
Josslyn Kaup,,,,,,,,203109,203072,2023
Journey Devlin,,,,,,,,202351,203072,
JUANITA JOHNSON,,,,,,,,201354,200741,
Judy Hurley,,,,,,,,204310,203072,
Julia Hudson,,,,,,,,203690,203072,
Julia Solis,,,,,,,,202121,203589,2023
Julianne Ferguson,,,,,,,,201359,203589,
Julie Ann Bruen,,,,,,,,200156,200582,
Julie Miller,,,,,,,,202271,202389,
Julie Orozco,,,,,,,,202297,203589,
Julie Von Weber,,,,,,,,201508,202389,
Kacey Gourley,,,,,,,,202256,202298,
Kaitlyn Joie Maxwell,,,,,,,,202692,203589,
Kalani Scanlan,,,,,,,,201210,200264,
Kambrie Rawlins,,,,,,,,203953,200349,
Kami Christensen,,,,,,,,202938,201266,
Kamrie Bird,,,,,,,,204529,202298,
Karen J. Teran Vargas,,,,,,,,200277,201011,
Karen Shupp,,,,,,,,204539,202389,
Karina Zarco,,,,,,,,203811,200111,
Karl Colburn,,,,,,,,204492,203589,
Karla Rogerson,,,,,,,,200023,200111,
Karla Taylor,,,,,,,,204479,201011,
Karol Guadarrama,,,,,,,,204305,203589,
Kasidee Rosine Wusstig Acfalle,,,,,,,,204190,203589,
Katalina Lehualani Martinez,,,,,,,,201223,200418,
Katelyn Robinson,,,,,,,,202107,200777,
Kathrian Oh,,,,,,,,202947,200111,
Kathrina D. Javar,,,,,,,,203102,200111,
Kathryn Harding,,,,,,,,204485,200111,
Kathryn Swenson,,,,,,,,202667,203589,
Kati Winkle,,,,,,,,200568,201173,
Katie Hatch,,,,,,,,200994,203072,
Katie Kishpaugh,,,,,,,,203114,203072,
Katie Petersen,,,,,,,,200248,201111,
Kaye McDonald,,,,,,,,203071,201111,
Kayelin Salas,,,,,,,,201013,201173,
Kayla Nelson,,,,,,,,202569,200889,
Kayley Hatch,,,,,,,,204527,203658,
Keegan Cunningham,,,,,,,,204101,200111,
Kelcie Eames,,,,,,,,201852,200111,
Kelli Milbrath,,,,,,,,204134,200741,
Kellie Jackman,,,,,,,,203682,200785,
Kelly Milbrath,,,,,,,,202260,203658,
Kelly Miller,,,,,,,,204086,200111,
Kelly Oldroyd,,,,,,,,200806,200562,
Kelly Reed,,,,,,,,204067,200418,
Kelsey Gratz,,,,,,,,203655,200915,
Kelsey Tate,,,,,,,,203990,201096,
Kennedy Tatum,,,,,,,,203754,200597,
Kenzie Markus,,,,,,,,204334,202779,
Keriann Taylor,,,,,,,,204122,200006,
KEVIN WASSON,,,,,,,,204453,201140,
Kiera Snow,,,,,,,,203534,201206,
Kimberlee Hammond,,,,,,,,203791,201206,
Kimberly Bergsjo,,,,,,,,203517,200264,
Kimberly Broadhead,,,,,,,,200354,200482,
Kimberly Cazier,,,,,,,,204219,200349,
Kimberly Lewis,,,,,,,,200596,201111,2023
Kimberly Sires,,,,,,,,200021,200525,
Kirsten Bates,,,,,,,,200292,203589,
Kristi Milligan,,,,,,,,200209,203589,
Kristie Wilkinson,,,,,,,,200053,200349,
Kristin Dorman,,,,,,,,201999,201011,2023
Kristina Cheney,,,,,,,,203951,201011,
Kristine Phelps,,,,,,,,200542,200582,
Kyle Rogers,,,,,,,,204355,200006,
Kylee Bowen,,,,,,,,204438,200915,
Kylee Colton,,,,,,,,204126,200999,2023
Kylee Hutsell,,,,,,,,203294,200582,
Kylee Meeks,,,,,,,,201008,200741,
Kylie Mutcher,,,,,,,,204410,200111,
Kylie Rawlins,,,,,,,,202669,200111,
LAKISHA PRESSLEY,,,,,,,,203812,200525,2023
Lana Willard,,,,,,,,202823,200418,
Laura Azevedo,,,,,,,,203229,201111,
Laura E. Madrigal,,,,,,,,204528,201140,
Laura Rodriguez,,,,,,,,204081,200111,
Lauren Shafer,,,,,,,,203437,200582,2023
Lauri Stinnett,,,,,,,,202308,200889,
Laurie Hodges,,,,,,,,203357,201096,
Laurie Paul,,,,,,,,200627,201140,
Leah Jewart,,,,,,,,201026,201135,
Leanne Sakata,,,,,,,,201346,201140,2023
Lee A. Kinsman,,,,,,,,201951,202389,
Leizel Dait,,,,,,,,201129,201336,
Lenova B. Burton,,,,,,,,204406,200739,
Leonardo Bugarin,,,,,,,,200356,200525,
Leslie Stockle,,,,,,,,203441,200777,2023
Leticia Saavedra,,,,,,,,202080,201336,
Liezle Oasay,,,,,,,,203328,200070,
Lila MacDonald,,,,,,,,202798,203589,
Liliana Garcia,,,,,,,,203962,203589,
Liliya Mazhan,,,,,,,,203829,201485,2023
Lillee Cope,,,,,,,,201007,203589,
Lily Mecham,,,,,,,,202936,201982,
Linda Andreas,,,,,,,,201005,201096,
Linda F. Richins,,,,,,,,200101,200111,
Linda Reed,,,,,,,,204304,202020,2023
Lindey Stringfellow,,,,,,,,201054,201096,
Lindsay Brewer,,,,,,,,202654,200281,
Lindsey Webb,,,,,,,,203716,200111,
Ling-yi Shu,,,,,,,,203522,200915,
Lisa Campbell,,,,,,,,200098,201135,
Lisa Olson,,,,,,,,200374,200111,
Lisa Owens,,,,,,,,202503,200006,
Lisa Way,,,,,,,,203927,201742,
Lona Taai,,,,,,,,201016,200915,
LORI NEILSON,,,,,,,,200527,204207,
Lorisa Bowles,,,,,,,,201215,200916,
Lorna Lambino,,,,,,,,200526,201206,
Lorri Fullmer,,,,,,,,203713,202020,
Lourdes Ramos,,,,,,,,203557,200349,
Luisa B. Lopez,,,,,,,,203365,200027,
Mackenzie Cook,,,,,,,,204046,203589,
Mackenzie Watkins,,,,,,,,204163,203589,
Madalyn Constantineau,,,,,,,,200917,200111,
Madelin Child,,,,,,,,201259,201011,
Madeline Milam,,,,,,,,200577,203658,
Madisyn Burns,,,,,,,,200106,200917,
Maelen Dubois Sowder,,,,,,,,200825,201111,
Magdalena Rabago,,,,,,,,204281,200999,
Maggie Mcguire,,,,,,,,203947,200349,
Makayla Squires,,,,,,,,202867,200111,2023
Makayla Williford,,,,,,,,201158,200777,
Makenna Burnell,,,,,,,,204351,201793,
Makenzie Thacker,,,,,,,,204100,200513,
Malani Walker,,,,,,,,202911,201900,
Margaret Shirts,,,,,,,,201523,201053,2023
Margaret Smith,,,,,,,,200076,200264,
Margielyn Acierto,,,,,,,,203816,203589,
Maria Acuna,,,,,,,,201003,201135,
Maria Alarcon,,,,,,,,201532,203658,
Maria Del Carmen Rodriguez,,,,,,,,200603,201135,2023
Maria Del Rayo Hernandez,,,,,,,,202794,200916,
Maria Delgado,,,,,,,,203563,201053,
Maria Estrada,,,,,,,,202400,203658,
Maria Martinez,,,,,,,,200541,200264,
Maria Perez Lira,,,,,,,,202283,200889,
Maria Vicenta Jensen,,,,,,,,200003,200741,
Mariah Hoggatt,,,,,,,,202348,200915,
Mariah Matthews,,,,,,,,203344,200111,
Mariah Wolfe,,,,,,,,203765,203658,
Mariana Lozano Sanchez,,,,,,,,202307,202020,
Maricel Viloria,,,,,,,,204491,200915,
Marie Lane,,,,,,,,200005,201011,
Marie R. Dahl,,,,,,,,203728,200349,
Marilou Kacatin,,,,,,,,203737,201135,
Mario Humberto Rodriguez Torres,,,,,,,,204319,200889,
Marissa Gaumond,,,,,,,,203185,200525,
Marizel Solomon,,,,,,,,202419,201900,
Marjorie Calpito,,,,,,,,201488,200006,
Mark Ottesen,,,,,,,,200276,200349,
Marlyce Longhurst,,,,,,,,202928,201276,
Marnie Cox,,,,,,,,200461,203658,
Martha Bayardo,,,,,,,,203986,202779,
Martin Santacruz,,,,,,,,200533,201206,
Mary Ann Barayuga,,,,,,,,202815,200482,
Mary Ann Pagaduan,,,,,,,,203015,200579,2023
Mary Grace Mallana,,,,,,,,202612,200111,
Mary Young,,,,,,,,204343,201276,
Matilde Ramirez,,,,,,,,202484,200915,
Matthew Harrison Burger,,,,,,,,203573,201135,
Maya Angwin,,,,,,,,202296,200513,2023
Maybel Dominguez,,,,,,,,204468,201011,
Mayra Withers,,,,,,,,200548,201140,
Mckay Neilson,,,,,,,,200524,200043,
MCKENNA HOPKINS,,,,,,,,204061,203359,
McKenzie Eriksson,,,,,,,,203895,201111,2023
McKenzie Gunnell,,,,,,,,204401,201140,
McKenzie Metcalf,,,,,,,,203594,200111,
MCKENZIE PARK,,,,,,,,203921,200741,
McKenzie Perry,,,,,,,,203016,200513,
McKenzie VanAmen,,,,,,,,204450,201173,2023
Megan Bowcut,,,,,,,,202314,203589,
Megan Halbe,,,,,,,,204524,203589,
Mel Welliver,,,,,,,,204155,200582,
Melanie Hankins,,,,,,,,204158,201011,
Melanie Holmes,,,,,,,,201198,203053,2023
Melchor A. Servito,,,,,,,,204427,201011,
Melinda R. Dalinoc,,,,,,,,203014,201174,
Melinda Vergara,,,,,,,,202951,200349,
Melissa Landry,,,,,,,,203939,200369,
Melissa Schoppet,,,,,,,,203822,201173,2023
Melissa Starzecki,,,,,,,,202131,203053,
Melody Carolan,,,,,,,,200271,200111,
Mensur Sabljakovic,,,,,,,,200163,200349,
Michael Hickman,,,,,,,,204333,200111,
Michelle Fitzgerald,,,,,,,,200882,201135,2023
Mindy Hutchison,,,,,,,,200580,200582,
Minerva Ulep,,,,,,,,200030,201096,
Minuet Cox,,,,,,,,204063,201011,
Miranda Smith,,,,,,,,204499,200111,
Molly Freemyer,,,,,,,,204411,201011,2023
Monet Guittap,,,,,,,,204132,203658,
Monette B. Bautista,,,,,,,,203736,201096,
Monica Porter,,,,,,,,204440,201096,
Morgan Benson,,,,,,,,202330,202389,
Morgan Perkins,,,,,,,,200519,201174,2023
Morgan Price-Walker,,,,,,,,204487,200111,
Nancy Hansen,,,,,,,,202368,203658,
Nancy Hill,,,,,,,,204041,200349,
Natalee Williams,,,,,,,,204318,201135,
Natalia Quintero,,,,,,,,202322,203072,
Natalie Moravec,,,,,,,,202273,203072,
Nathalie Isabel Flores Alvarez,,,,,,,,200436,203658,
Nathan Hanberg,,,,,,,,204088,201011,
Neil G. Nanton,,,,,,,,203854,200525,
Nelia Daloping,,,,,,,,201093,203072,
Nena Cambe,,,,,,,,204484,200582,
Nichole Hennefer,,,,,,,,202262,200889,
Nichole Murray,,,,,,,,203138,201173,
Nicole Gonzalez,,,,,,,,202301,200070,
Nicole Jones,,,,,,,,203122,201135,
Nicole L. Morgan,,,,,,,,200584,201140,
Nicole Perez,,,,,,,,204536,200525,
Nicole Ramirez,,,,,,,,200319,201173,
Nicole Salazar,,,,,,,,200205,203072,
Nila Salsberry,,,,,,,,203087,200525,
Noe Correa,,,,,,,,200629,203658,
Noelle Murphy,,,,,,,,202498,200889,
Nona Boyle,,,,,,,,203706,200741,
Odalis Cornejo,,,,,,,,203273,201111,
Ofelia Belarmino,,,,,,,,204356,200006,2023
Olivia Doyle,,,,,,,,204501,201173,
Olivia Howell,,,,,,,,203923,200111,
Olivia Wozab,,,,,,,,204028,202020,
Osvaldo Aleman,,,,,,,,203346,201174,
Paige Roholt,,,,,,,,202447,201485,2023
Paige Wead,,,,,,,,201255,200166,
Pamela L. Dung,,,,,,,,203814,201140,
Pamela Skapple,,,,,,,,203960,201011,
Pascale R. Thomas,,,,,,,,204021,201485,
Patricia Cooper,,,,,,,,203425,200562,2023
Patricia Mayes,,,,,,,,202035,203053,
Patricia Stretar,,,,,,,,200201,202779,
Paul Pace,,,,,,,,204425,201096,
Paulette A. Soren,,,,,,,,201950,202389,
Pearly Gano,,,,,,,,204204,200582,2023
Pete Gerbich,,,,,,,,200403,201817,
Philip Dulude,,,,,,,,203002,203589,
Pilar Huari,,,,,,,,204455,201053,
Prime Pobre,,,,,,,,203401,200006,
Priscillia Nwaigwe,,,,,,,,202926,202298,2023
Quetzalli Penaloza,,,,,,,,204269,200741,
Rachel Jacobs,,,,,,,,204494,200349,
Rachel Jarrell,,,,,,,,204357,202422,
Rachel Ogilvie,,,,,,,,202291,200525,
Rachel Taylor,,,,,,,,204511,200006,2023
Rachel Weinburg,,,,,,,,204222,201011,
Randall Durrant,,,,,,,,202145,200111,
Raylee Moreno,,,,,,,,204127,200915,
Rebecca Barnes,,,,,,,,204520,200349,
Rebecca Beesley,,,,,,,,201073,200349,
Rebecca Profaizer,,,,,,,,203944,201485,
Rebecca Slagowski,,,,,,,,203309,200267,
Rebecca Steed,,,,,,,,204178,201206,
Rebekah Lentz,,,,,,,,203474,201206,
Regina Kolb,,,,,,,,204135,201206,
Rena Figved,,,,,,,,200606,200384,
Renee Smuin,,,,,,,,204424,203589,
Ricardo Javier Faudoa,,,,,,,,202356,200525,
Richard Hege,,,,,,,,202352,200739,
Roben Ertter,,,,,,,,201984,201140,
Robert Conlon,,,,,,,,204532,200999,
Robert Delaney,,,,,,,,201002,201135,
Robert Lombardi,,,,,,,,200077,200915,
Robin Z. Moke,,,,,,,,203369,200579,
Rodney D. Fonnesbeck,,,,,,,,200626,200582,
Rolando Legaspi,,,,,,,,200881,203589,
Romeo Cudiamat Cabalbag,,,,,,,,204496,201140,
"Romulo Usita, Jr",,,,,,,,203051,200579,
Rose Jane Rosete,,,,,,,,201252,200579,
Rose Schumacher,,,,,,,,201519,200111,
Roseann Romero,,,,,,,,204395,200111,
Roxanne Smith,,,,,,,,203217,200111,
Ruben Agustin,,,,,,,,202264,200111,
Rubylin Bucsit,,,,,,,,203347,200915,
Sabrina Reyes,,,,,,,,204075,200741,
Sadra Farnsworth,,,,,,,,204113,200349,
Salilo Foifua,,,,,,,,204311,203589,
Samantha Kembra Iskow,,,,,,,,201265,200915,
Samantha Woodruff,,,,,,,,203504,203072,
Sandra Johnson,,,,,,,,203214,200111,
Sara Chavez,,,,,,,,203209,203072,
Sarah Everitt,,,,,,,,201507,200916,
Sarah Lee Pereira-Volpe,,,,,,,,200333,200582,
SARAH Marie GALLARDO,,,,,,,,202847,203053,
Sarah Runyon,,,,,,,,204268,201276,
Scarlett Rydalch,,,,,,,,200026,203589,
Scott Brimhall,,,,,,,,200219,200513,
Scott Browning,,,,,,,,202289,202020,
Scott Summers,,,,,,,,203590,200108,
Sebree Barney,,,,,,,,200423,200513,
Selene J. Bleak,,,,,,,,204235,200915,
Sergio L. De Jesus,,,,,,,,202394,200579,
Seth Featherston,,,,,,,,204314,200043,
Shakira Carson,,,,,,,,202680,200359,
Shanae Burton,,,,,,,,201166,204250,
Shania Gessel,,,,,,,,204344,200349,
Shania Sanchez,,,,,,,,203434,202779,
Shannon Butler,,,,,,,,200609,200915,
Sharon Ekins,,,,,,,,202632,202779,
Shauna Wayland,,,,,,,,201061,203589,
Shayna Gutierrez,,,,,,,,203423,200384,
Shelbie Vicari,,,,,,,,203606,203589,
Shelby Beadle,,,,,,,,200044,202389,
Shelby Click,,,,,,,,204464,200513,
Shelli Lee,,,,,,,,204292,200915,
Sheri Minnick,,,,,,,,203795,203589,
Sherilyn Lazo,,,,,,,,204078,202422,
Sherri Bryant,,,,,,,,203877,200482,
Sherrie Dee Sudario,,,,,,,,204251,200043,
Shiara Mae Q. Macapulay,,,,,,,,204237,201096,
Shiela Pascual,,,,,,,,203967,201986,
Sierra Cappo,,,,,,,,202605,200579,
Silvia Flores Villegas,,,,,,,,203656,202298,
Silvija Kovacevic,,,,,,,,204187,203589,
Simione Loini Katoa,,,,,,,,203955,203589,
Sindhu Pandey,,,,,,,,200740,200741,
Siree Armstrong,,,,,,,,200100,201135,
Sisilia Meli,,,,,,,,204171,201900,
Soleda Cruz,,,,,,,,204346,200579,
Sonia Velante-Henderson,,,,,,,,203312,202986,
Stacey Bramhall,,,,,,,,202326,201835,
Stacey Winchester,,,,,,,,203821,200349,
Stacy Kimber,,,,,,,,200052,203658,
Stephanie Kelley,,,,,,,,200901,200166,
Stephanie Workman,,,,,,,,203405,200579,
Steven Sine,,,,,,,,202336,201140,
Suhreta Sabljakovic,,,,,,,,202268,203658,
Suluia K. Augafa,,,,,,,,203704,200111,
SURRENA MICHELS,,,,,,,,203633,200111,
Susan Cook,,,,,,,,203566,202020,
Susan D. Nelsen,,,,,,,,204065,201266,
Susie Agbayani,,,,,,,,200885,201140,
Sydney Jenkins,,,,,,,,200905,200111,
Sydney Shoulders,,,,,,,,200196,200741,
Sydney Watts,,,,,,,,204416,203072,
Sylvia Moore,,,,,,,,204161,201485,
Sylvia Trujillo,,,,,,,,203609,200915,
Tamara Goodrich,,,,,,,,203148,203589,
Tami Sarmienta,,,,,,,,203992,203589,
Tanasha Stewart,,,,,,,,204266,201140,
TANNA WOODS,,,,,,,,200290,203658,
Tanner Andreasen,,,,,,,,200062,200111,
Tanner Morris,,,,,,,,204371,201140,
Tarick C. Morris,,,,,,,,201029,201140,
Tarren Smoot,,,,,,,,201065,200522,
Tatiana Mosley,,,,,,,,201963,202779,
Tatum Oliver,,,,,,,,204518,201173,
Tatum Porter,,,,,,,,204443,201053,
Taunacy Horton,,,,,,,,203667,201173,
Tavia Collins,,,,,,,,202094,203589,
Taya Cowdell,,,,,,,,204384,200916,
TAYDEN BYLES,,,,,,,,201905,203658,
Tayler Davis,,,,,,,,200273,200349,
Teairah Grover,,,,,,,,200115,203589,
Temera Arlt,,,,,,,,201509,203589,
Tenielle Eldredge,,,,,,,,200453,201173,
TENNEH FAHNBULLEH,,,,,,,,203373,201173,
Teresa Adkins,,,,,,,,201489,200777,
Teresa Bassett,,,,,,,,201967,201276,
Teresa Bowman,,,,,,,,202299,201174,
Teresa Iseman,,,,,,,,202025,201011,
Teresa Jacobs,,,,,,,,202323,203658,
Teresa Sorcia,,,,,,,,204038,200359,
Teresita Reyes,,,,,,,,202313,200774,
Terri Coburn,,,,,,,,203920,202779,
Terri Ketchum,,,,,,,,200585,200513,
Teryn Hammer,,,,,,,,202193,200525,
Tessa Dennis,,,,,,,,204296,201174,
Tessie Manzano,,,,,,,,200226,202422,
Thomas E. Pudder,,,,,,,,203683,202298,
Tia Braithwaite,,,,,,,,202802,202298,
Tiffany Poppell,,,,,,,,203402,203053,
Tikie Sakuma,,,,,,,,202329,201173,
Tina M. Chappell,,,,,,,,201901,201011,
Todd Sidwell,,,,,,,,201046,203658,
Tracy Pfouts,,,,,,,,201106,203589,
Tracy Tipps,,,,,,,,200165,200111,
Treas Eddleman,,,,,,,,200921,201173,
Trecia Burkett,,,,,,,,200173,203658,
Trista Nelson,,,,,,,,202755,201011,
TSODZINAM A. KWAKOUDZI,,,,,,,,200495,201206,
Tulukinga Taliauliteisina,,,,,,,,200441,201485,
TURNER RICHARDS,,,,,,,,202471,201111,
Tykston Yates,,,,,,,,200410,201982,
Tyla Shields,,,,,,,,201288,202298,
Tyler Seeley,,,,,,,,203972,200111,
Valle Oberg,,,,,,,,203257,203658,
Vanessa Ramirez,,,,,,,,204064,200889,
Vera Benally,,,,,,,,200821,200915,
Vera LaBay,,,,,,,,200327,203072,
Veronica Felina Rasay,,,,,,,,200808,200111,
Veronica Jimenez,,,,,,,,203994,203589,
Veronica Tovey,,,,,,,,200910,200525,
Victoria Marchi,,,,,,,,204388,201485,
WENDY LABRUM,,,,,,,,202505,200349,
Whitney J. Morgan,,,,,,,,203393,202389,
Wilma Vallejo,,,,,,,,200265,201140,
Wydell South,,,,,,,,203079,200027,
Wylie Nelson,,,,,,,,204419,202020,
Xiao Juan Huang,,,,,,,,200835,202422,
Yeirin Canelas,,,,,,,,204506,200166,
Ylianei Banuelos Carrillo,,,,,,,,203354,200418,
Yolanda Martinez,,,,,,,,200611,200915,
Zachary Matthew Burns,,,,,,,,204452,202298,
Zachary Matthew Howick,,,,,,,,202130,200741,
Zachary Smith,,,,,,,,202812,200349,
Zenaida Ganti,,,,,,,,204035,201111,
Zoie Chacon,,,,,,,,203628,202779,
Abigaid Caballero,,,,,,,,204459,200006,
Agustin Rodriguez,,,,,,,,202619,200525,
Aida Beatty,,,,,,,,203564,203658,
Aleah Wade,,,,,,,,201521,203053,
Alex Magallanes,,,,,,,,203198,201053,
Alicia Hernandez,,,,,,,,200212,201174,
Alicia P. McMullen,,,,,,,,200634,201173,
Amber L. Taylor,,,,,,,,203145,203658,
Andre Cooper,,,,,,,,202180,202608,
Angilina Lowery,,,,,,,,202320,200582,
Anita Amaama,,,,,,,,200520,200349,
Anna Lyn Fortuna,,,,,,,,201484,201140,
Annie Silao,,,,,,,,200547,200915,
Apolonia Agarma,,,,,,,,200301,200889,
Arianne Rae Zaragosa,,,,,,,,202303,201276,
Arlinda Robert,,,,,,,,203896,200349,
Ashley Dianne Maneja,,,,,,,,204482,204250,
Ashley Rios Garcia,,,,,,,,203924,200999,
Bella Baluyut,,,,,,,,200389,201011,
Breeanna Beckstead,,,,,,,,201280,203658,
Brena Snooky Mangusin,,,,,,,,200289,200915,
Brenda Nelson,,,,,,,,203406,200741,
Briana M. Moger,,,,,,,,202704,200043,
Caitlin Mooers,,,,,,,,200790,200111,
Cara Hirokawa,,,,,,,,202760,202422,
Carmen Vargas,,,,,,,,204291,200513,
Carol Lund,,,,,,,,203961,202298,
Carter Nelson,,,,,,,,202501,202422,
Cecilia Alvarado,,,,,,,,204535,203658,
Chelsea A. Pua,,,,,,,,204391,200916,
Chita Umotoy,,,,,,,,203470,201173,
Chloe A. Bousquet,,,,,,,,203997,203589,
Christina Camacho,,,,,,,,200323,203589,
Christine M. King,,,,,,,,200018,200043,
Crisalda Badua,,,,,,,,203928,200741,
Crisanta Tomas,,,,,,,,202397,203589,
Cristian E. Canelas Mencia,,,,,,,,204431,200513,
Cristy Terrado,,,,,,,,203408,200912,
Dahlia Barkau,,,,,,,,201025,200889,
Davelynn L. Adriano,,,,,,,,204044,200043,
David Lamar Siddall,,,,,,,,203497,200111,
Delanie Cooper,,,,,,,,202328,201135,
Destiny K. Shields,,,,,,,,204045,203072,
Dina Agngarayngay,,,,,,,,203678,200264,
Editha Tayona,,,,,,,,203362,200912,
Elizabeth Moore,,,,,,,,202120,203658,
Elizabeth Rochelle Marquez,,,,,,,,200406,203072,
Elvira Pilotin,,,,,,,,200178,200359,
Emelyn Duldulao,,,,,,,,204298,200043,
Eneida N. Torres,,,,,,,,204367,200111,
Eneyda Garcia,,,,,,,,200032,203053,
Erica Figueroa,,,,,,,,202290,201096,
Erika Jones,,,,,,,,203442,203072,
Erlinda Fernando,,,,,,,,200486,202779,
Estella Alpen,,,,,,,,200413,203658,
Evelyn Hernandez,,,,,,,,200191,201140,
Felicia Smith,,,,,,,,204272,200111,
Flordeliza Butay,,,,,,,,204403,200418,
Florence Valiente,,,,,,,,200512,200349,
Gabriela Chacon,,,,,,,,204422,201111,
Geraldine Ballesteros,,,,,,,,202870,200450,
Gissel Salazar,,,,,,,,204280,201276,
Grace Theresa Jaucian,,,,,,,,204287,203658,
Hailey Durfee,,,,,,,,203070,201391,
Hannah L. King,,,,,,,,202741,201485,
Harmonee Daniel,,,,,,,,202401,200482,
Heather R. Parry,,,,,,,,202332,200349,
Heidi A. Alstrom,,,,,,,,202732,201485,
Heidi B. Fuentes,,,,,,,,200105,200418,
Herman Mackay,,,,,,,,203526,203589,
Ikaika Kinoshita,,,,,,,,200467,202608,
Irene Valiente,,,,,,,,204180,203589,
Iritza Valentin Rivera,,,,,,,,204423,203589,
Isapela Perez,,,,,,,,203971,203589,
Itzel A. Rodriguez,,,,,,,,200900,201391,
Jaime Arredondo,,,,,,,,203075,200915,
Jamie Crase,,,,,,,,202579,200579,
Jason Nelson,,,,,,,,203930,200741,
Jedidiah C. Ybanez,,,,,,,,200501,202986,
Jeni Robison,,,,,,,,200497,200264,
Jenifer L. Mata,,,,,,,,204262,200349,
Jennifer Gomez,,,,,,,,200396,202389,
Jessica Bricker,,,,,,,,203144,201276,
Jessica Miller,,,,,,,,202408,200916,
Joanne Ulep,,,,,,,,204377,203589,
Jojo Ocampo,,,,,,,,203973,201140,
Joleen Jibas,,,,,,,,204302,201405,
Jorge Hernandez,,,,,,,,202341,201096,
Jovelyn Locquiao,,,,,,,,202406,200166,
Julie Ann Macadangdang,,,,,,,,204405,200889,
Julie Burgess,,,,,,,,203493,201135,
Kanshie Jackson,,,,,,,,200823,203658,
Karen K. Shahan,,,,,,,,204378,201140,
Kathryn Warren,,,,,,,,204277,200418,
Kayla Alonzo,,,,,,,,204150,200418,
Kaylee Shaye Mickelsen,,,,,,,,202751,201135,
Kristie Faludi,,,,,,,,202334,201011,
Kristine Roe Agustin,,,,,,,,204029,201900,
Lilia Buenafe,,,,,,,,202403,200418,
Lina Agas,,,,,,,,203772,203072,
Lizbeth Hernandez Flores,,,,,,,,203647,203589,
Lorenzo Munsayac Jr,,,,,,,,202391,200111,
Loreta Martin,,,,,,,,202359,203658,
Lori Jensen,,,,,,,,204349,201173,
Loveta Hull,,,,,,,,200489,200349,
Luisa Pacheco,,,,,,,,200485,200916,
Maggie Dullas,,,,,,,,200504,201174,
Manalebsh G. Abate,,,,,,,,202361,200889,
Margeline Montero,,,,,,,,202188,203658,
Maria Benoit,,,,,,,,200409,201174,
Maria Del Carmen Prieto,,,,,,,,200937,200111,
Maria Santa-Maria,,,,,,,,202350,200281,
Maria Teresa Cruz-Burger,,,,,,,,202631,200418,
Maria Theresa Pinlac,,,,,,,,204430,203053,
Maribel Montero,,,,,,,,202342,200513,
Marie Mostoles,,,,,,,,202053,203658,
Marifer Pacariem,,,,,,,,202366,200111,
Martha Romero,,,,,,,,200385,200525,
Mary Joy Bolibol,,,,,,,,204462,203658,
Mary Vonk,,,,,,,,200818,200915,
Megan Tyson,,,,,,,,204359,200281,
Melissa Brooks,,,,,,,,204402,200350,
Menchiloue Fernandez,,,,,,,,202875,200915,
Merlyn Turpin,,,,,,,,200926,201485,
Meuser Jerry,,,,,,,,204160,200111,
Molly A. Kramer,,,,,,,,200493,200264,
Nadine R. Nezdoba,,,,,,,,202411,201485,
Nancy Gillham,,,,,,,,203135,202608,
Nicholas Hanson,,,,,,,,202421,203658,
Nicole K. Landes,,,,,,,,203115,200525,
Noel Baluyut,,,,,,,,200506,200916,
Ofa K. Fonua,,,,,,,,200891,202020,
Pedro Ponce Jr,,,,,,,,204271,203589,
Renee L. Lyman,,,,,,,,204246,200418,
Robbie Gene D. Sybico,,,,,,,,203341,201485,
Ronny Canelas,,,,,,,,200496,200525,
Rony Alexander Canelas-Mencia,,,,,,,,200379,200349,
Rosalina Pinera,,,,,,,,202904,203589,
Rosio Lopez Zavala,,,,,,,,202228,203589,
Ryan Dimmick,,,,,,,,202407,202779,
Ryan Swallom,,,,,,,,202388,200070,
Sandra Loudenback,,,,,,,,202367,202422,
Sara Scalise,,,,,,,,202813,200522,
Sarah Morse,,,,,,,,203061,201276,
Sayley Timothy,,,,,,,,202375,201135,
Scott Fluckiger,,,,,,,,200516,200264,
Shannon Ith,,,,,,,,203880,201011,
Sharmaine Joyce Madariaga,,,,,,,,203375,203053,
Shawna S. Minnick,,,,,,,,200481,200739,
Sherielynne Bugarin,,,,,,,,202338,201614,
Sherin Alik,,,,,,,,203164,200264,
Sherri Lee Coombs,,,,,,,,200918,200915,
Sidney Jipp-Paulson,,,,,,,,202335,201140,
Silvestre Baldo,,,,,,,,202347,203658,
Sophie Mackay,,,,,,,,202333,200916,
Stefanie Harkness,,,,,,,,200863,200111,
Stephanie Tucker,,,,,,,,202387,201391,
Stephen Thomas,,,,,,,,202378,201173,
Suerte Miranda,,,,,,,,201986,200359,
Susy Calinga,,,,,,,,200456,202001,
Tammy Sweeten,,,,,,,,200408,203658,
Tamsyn Allred,,,,,,,,204261,202298,
Tania Sanchez,,,,,,,,204289,200915,
Tawny Giraldo,,,,,,,,202385,201111,
Theresa Fuentes,,,,,,,,204347,201111,
Trisha Lines,,,,,,,,204043,203072,
Troy J. Thompson,,,,,,,,203499,201834,
Vilma Armas,,,,,,,,204472,201011,
Welma Daguio,,,,,,,,202393,201096,
Zchelle Espiritu,,,,,,,,202386,202020,
Chelsie Green,,,,,,,,204051,201174,
Debonie Sorensen,,,,,,,,202390,201173,
Haslee Mendoza,,,,,,,,200922,203589,
Heather Bright,,,,,,,,202345,200359,
Jose Fuentes,,,,,,,,202666,200741,
Mckenzie Wheeler,,,,,,,,200400,200369,
Merian Loveless,,,,,,,,201439,200513,
Michele Macdonald,,,,,,,,202360,200418,
Michelle Pack,,,,,,,,200487,200043,